CREATE DATABASE  IF NOT EXISTS `medface` /*!40100 DEFAULT CHARACTER SET utf8mb4 COLLATE utf8mb4_0900_ai_ci */ /*!80016 DEFAULT ENCRYPTION='N' */;
USE `medface`;
-- MySQL dump 10.13  Distrib 8.0.34, for Win64 (x86_64)
--
-- Host: localhost    Database: medface
-- ------------------------------------------------------
-- Server version	8.0.34

/*!40101 SET @OLD_CHARACTER_SET_CLIENT=@@CHARACTER_SET_CLIENT */;
/*!40101 SET @OLD_CHARACTER_SET_RESULTS=@@CHARACTER_SET_RESULTS */;
/*!40101 SET @OLD_COLLATION_CONNECTION=@@COLLATION_CONNECTION */;
/*!50503 SET NAMES utf8 */;
/*!40103 SET @OLD_TIME_ZONE=@@TIME_ZONE */;
/*!40103 SET TIME_ZONE='+00:00' */;
/*!40014 SET @OLD_UNIQUE_CHECKS=@@UNIQUE_CHECKS, UNIQUE_CHECKS=0 */;
/*!40014 SET @OLD_FOREIGN_KEY_CHECKS=@@FOREIGN_KEY_CHECKS, FOREIGN_KEY_CHECKS=0 */;
/*!40101 SET @OLD_SQL_MODE=@@SQL_MODE, SQL_MODE='NO_AUTO_VALUE_ON_ZERO' */;
/*!40111 SET @OLD_SQL_NOTES=@@SQL_NOTES, SQL_NOTES=0 */;

--
-- Table structure for table `auth_group`
--

DROP TABLE IF EXISTS `auth_group`;
/*!40101 SET @saved_cs_client     = @@character_set_client */;
/*!50503 SET character_set_client = utf8mb4 */;
CREATE TABLE `auth_group` (
  `id` int NOT NULL AUTO_INCREMENT,
  `name` varchar(150) NOT NULL,
  PRIMARY KEY (`id`),
  UNIQUE KEY `name` (`name`)
) ENGINE=InnoDB DEFAULT CHARSET=utf8mb4 COLLATE=utf8mb4_0900_ai_ci;
/*!40101 SET character_set_client = @saved_cs_client */;

--
-- Dumping data for table `auth_group`
--

LOCK TABLES `auth_group` WRITE;
/*!40000 ALTER TABLE `auth_group` DISABLE KEYS */;
/*!40000 ALTER TABLE `auth_group` ENABLE KEYS */;
UNLOCK TABLES;

--
-- Table structure for table `auth_group_permissions`
--

DROP TABLE IF EXISTS `auth_group_permissions`;
/*!40101 SET @saved_cs_client     = @@character_set_client */;
/*!50503 SET character_set_client = utf8mb4 */;
CREATE TABLE `auth_group_permissions` (
  `id` bigint NOT NULL AUTO_INCREMENT,
  `group_id` int NOT NULL,
  `permission_id` int NOT NULL,
  PRIMARY KEY (`id`),
  UNIQUE KEY `auth_group_permissions_group_id_permission_id_0cd325b0_uniq` (`group_id`,`permission_id`),
  KEY `auth_group_permissio_permission_id_84c5c92e_fk_auth_perm` (`permission_id`),
  CONSTRAINT `auth_group_permissio_permission_id_84c5c92e_fk_auth_perm` FOREIGN KEY (`permission_id`) REFERENCES `auth_permission` (`id`),
  CONSTRAINT `auth_group_permissions_group_id_b120cbf9_fk_auth_group_id` FOREIGN KEY (`group_id`) REFERENCES `auth_group` (`id`)
) ENGINE=InnoDB DEFAULT CHARSET=utf8mb4 COLLATE=utf8mb4_0900_ai_ci;
/*!40101 SET character_set_client = @saved_cs_client */;

--
-- Dumping data for table `auth_group_permissions`
--

LOCK TABLES `auth_group_permissions` WRITE;
/*!40000 ALTER TABLE `auth_group_permissions` DISABLE KEYS */;
/*!40000 ALTER TABLE `auth_group_permissions` ENABLE KEYS */;
UNLOCK TABLES;

--
-- Table structure for table `auth_permission`
--

DROP TABLE IF EXISTS `auth_permission`;
/*!40101 SET @saved_cs_client     = @@character_set_client */;
/*!50503 SET character_set_client = utf8mb4 */;
CREATE TABLE `auth_permission` (
  `id` int NOT NULL AUTO_INCREMENT,
  `name` varchar(255) NOT NULL,
  `content_type_id` int NOT NULL,
  `codename` varchar(100) NOT NULL,
  PRIMARY KEY (`id`),
  UNIQUE KEY `auth_permission_content_type_id_codename_01ab375a_uniq` (`content_type_id`,`codename`),
  CONSTRAINT `auth_permission_content_type_id_2f476e4b_fk_django_co` FOREIGN KEY (`content_type_id`) REFERENCES `django_content_type` (`id`)
) ENGINE=InnoDB AUTO_INCREMENT=53 DEFAULT CHARSET=utf8mb4 COLLATE=utf8mb4_0900_ai_ci;
/*!40101 SET character_set_client = @saved_cs_client */;

--
-- Dumping data for table `auth_permission`
--

LOCK TABLES `auth_permission` WRITE;
/*!40000 ALTER TABLE `auth_permission` DISABLE KEYS */;
INSERT INTO `auth_permission` VALUES (1,'Can add log entry',1,'add_logentry'),(2,'Can change log entry',1,'change_logentry'),(3,'Can delete log entry',1,'delete_logentry'),(4,'Can view log entry',1,'view_logentry'),(5,'Can add permission',2,'add_permission'),(6,'Can change permission',2,'change_permission'),(7,'Can delete permission',2,'delete_permission'),(8,'Can view permission',2,'view_permission'),(9,'Can add group',3,'add_group'),(10,'Can change group',3,'change_group'),(11,'Can delete group',3,'delete_group'),(12,'Can view group',3,'view_group'),(13,'Can add user',4,'add_user'),(14,'Can change user',4,'change_user'),(15,'Can delete user',4,'delete_user'),(16,'Can view user',4,'view_user'),(17,'Can add content type',5,'add_contenttype'),(18,'Can change content type',5,'change_contenttype'),(19,'Can delete content type',5,'delete_contenttype'),(20,'Can view content type',5,'view_contenttype'),(21,'Can add session',6,'add_session'),(22,'Can change session',6,'change_session'),(23,'Can delete session',6,'delete_session'),(24,'Can view session',6,'view_session'),(25,'Can add medsession',7,'add_medsession'),(26,'Can change medsession',7,'change_medsession'),(27,'Can delete medsession',7,'delete_medsession'),(28,'Can view medsession',7,'view_medsession'),(29,'Can add person',8,'add_person'),(30,'Can change person',8,'change_person'),(31,'Can delete person',8,'delete_person'),(32,'Can view person',8,'view_person'),(33,'Can add room',9,'add_room'),(34,'Can change room',9,'change_room'),(35,'Can delete room',9,'delete_room'),(36,'Can view room',9,'view_room'),(37,'Can add task status',10,'add_taskstatus'),(38,'Can change task status',10,'change_taskstatus'),(39,'Can delete task status',10,'delete_taskstatus'),(40,'Can view task status',10,'view_taskstatus'),(41,'Can add medsession group',11,'add_medsessiongroup'),(42,'Can change medsession group',11,'change_medsessiongroup'),(43,'Can delete medsession group',11,'delete_medsessiongroup'),(44,'Can view medsession group',11,'view_medsessiongroup'),(45,'Can add image',12,'add_image'),(46,'Can change image',12,'change_image'),(47,'Can delete image',12,'delete_image'),(48,'Can view image',12,'view_image'),(49,'Can add medsession person',13,'add_medsessionperson'),(50,'Can change medsession person',13,'change_medsessionperson'),(51,'Can delete medsession person',13,'delete_medsessionperson'),(52,'Can view medsession person',13,'view_medsessionperson');
/*!40000 ALTER TABLE `auth_permission` ENABLE KEYS */;
UNLOCK TABLES;

--
-- Table structure for table `auth_user`
--

DROP TABLE IF EXISTS `auth_user`;
/*!40101 SET @saved_cs_client     = @@character_set_client */;
/*!50503 SET character_set_client = utf8mb4 */;
CREATE TABLE `auth_user` (
  `id` int NOT NULL AUTO_INCREMENT,
  `password` varchar(128) NOT NULL,
  `last_login` datetime(6) DEFAULT NULL,
  `is_superuser` tinyint(1) NOT NULL,
  `username` varchar(150) NOT NULL,
  `first_name` varchar(150) NOT NULL,
  `last_name` varchar(150) NOT NULL,
  `email` varchar(254) NOT NULL,
  `is_staff` tinyint(1) NOT NULL,
  `is_active` tinyint(1) NOT NULL,
  `date_joined` datetime(6) NOT NULL,
  PRIMARY KEY (`id`),
  UNIQUE KEY `username` (`username`)
) ENGINE=InnoDB AUTO_INCREMENT=2 DEFAULT CHARSET=utf8mb4 COLLATE=utf8mb4_0900_ai_ci;
/*!40101 SET character_set_client = @saved_cs_client */;

--
-- Dumping data for table `auth_user`
--

LOCK TABLES `auth_user` WRITE;
/*!40000 ALTER TABLE `auth_user` DISABLE KEYS */;
INSERT INTO `auth_user` VALUES (1,'pbkdf2_sha256$600000$xsKeLHykIetqrQQ2Gud1lt$crfidXY/uI0JmFR4YUwCpJKf/Z2WqrxMEx74p5PFfm8=','2023-11-28 19:14:46.052824',1,'admin','','','ahmed.se@gmail.com',1,1,'2023-11-14 09:10:03.562884');
/*!40000 ALTER TABLE `auth_user` ENABLE KEYS */;
UNLOCK TABLES;

--
-- Table structure for table `auth_user_groups`
--

DROP TABLE IF EXISTS `auth_user_groups`;
/*!40101 SET @saved_cs_client     = @@character_set_client */;
/*!50503 SET character_set_client = utf8mb4 */;
CREATE TABLE `auth_user_groups` (
  `id` bigint NOT NULL AUTO_INCREMENT,
  `user_id` int NOT NULL,
  `group_id` int NOT NULL,
  PRIMARY KEY (`id`),
  UNIQUE KEY `auth_user_groups_user_id_group_id_94350c0c_uniq` (`user_id`,`group_id`),
  KEY `auth_user_groups_group_id_97559544_fk_auth_group_id` (`group_id`),
  CONSTRAINT `auth_user_groups_group_id_97559544_fk_auth_group_id` FOREIGN KEY (`group_id`) REFERENCES `auth_group` (`id`),
  CONSTRAINT `auth_user_groups_user_id_6a12ed8b_fk_auth_user_id` FOREIGN KEY (`user_id`) REFERENCES `auth_user` (`id`)
) ENGINE=InnoDB DEFAULT CHARSET=utf8mb4 COLLATE=utf8mb4_0900_ai_ci;
/*!40101 SET character_set_client = @saved_cs_client */;

--
-- Dumping data for table `auth_user_groups`
--

LOCK TABLES `auth_user_groups` WRITE;
/*!40000 ALTER TABLE `auth_user_groups` DISABLE KEYS */;
/*!40000 ALTER TABLE `auth_user_groups` ENABLE KEYS */;
UNLOCK TABLES;

--
-- Table structure for table `auth_user_user_permissions`
--

DROP TABLE IF EXISTS `auth_user_user_permissions`;
/*!40101 SET @saved_cs_client     = @@character_set_client */;
/*!50503 SET character_set_client = utf8mb4 */;
CREATE TABLE `auth_user_user_permissions` (
  `id` bigint NOT NULL AUTO_INCREMENT,
  `user_id` int NOT NULL,
  `permission_id` int NOT NULL,
  PRIMARY KEY (`id`),
  UNIQUE KEY `auth_user_user_permissions_user_id_permission_id_14a6b632_uniq` (`user_id`,`permission_id`),
  KEY `auth_user_user_permi_permission_id_1fbb5f2c_fk_auth_perm` (`permission_id`),
  CONSTRAINT `auth_user_user_permi_permission_id_1fbb5f2c_fk_auth_perm` FOREIGN KEY (`permission_id`) REFERENCES `auth_permission` (`id`),
  CONSTRAINT `auth_user_user_permissions_user_id_a95ead1b_fk_auth_user_id` FOREIGN KEY (`user_id`) REFERENCES `auth_user` (`id`)
) ENGINE=InnoDB DEFAULT CHARSET=utf8mb4 COLLATE=utf8mb4_0900_ai_ci;
/*!40101 SET character_set_client = @saved_cs_client */;

--
-- Dumping data for table `auth_user_user_permissions`
--

LOCK TABLES `auth_user_user_permissions` WRITE;
/*!40000 ALTER TABLE `auth_user_user_permissions` DISABLE KEYS */;
/*!40000 ALTER TABLE `auth_user_user_permissions` ENABLE KEYS */;
UNLOCK TABLES;

--
-- Table structure for table `django_admin_log`
--

DROP TABLE IF EXISTS `django_admin_log`;
/*!40101 SET @saved_cs_client     = @@character_set_client */;
/*!50503 SET character_set_client = utf8mb4 */;
CREATE TABLE `django_admin_log` (
  `id` int NOT NULL AUTO_INCREMENT,
  `action_time` datetime(6) NOT NULL,
  `object_id` longtext,
  `object_repr` varchar(200) NOT NULL,
  `action_flag` smallint unsigned NOT NULL,
  `change_message` longtext NOT NULL,
  `content_type_id` int DEFAULT NULL,
  `user_id` int NOT NULL,
  PRIMARY KEY (`id`),
  KEY `django_admin_log_content_type_id_c4bce8eb_fk_django_co` (`content_type_id`),
  KEY `django_admin_log_user_id_c564eba6_fk_auth_user_id` (`user_id`),
  CONSTRAINT `django_admin_log_content_type_id_c4bce8eb_fk_django_co` FOREIGN KEY (`content_type_id`) REFERENCES `django_content_type` (`id`),
  CONSTRAINT `django_admin_log_user_id_c564eba6_fk_auth_user_id` FOREIGN KEY (`user_id`) REFERENCES `auth_user` (`id`),
  CONSTRAINT `django_admin_log_chk_1` CHECK ((`action_flag` >= 0))
) ENGINE=InnoDB DEFAULT CHARSET=utf8mb4 COLLATE=utf8mb4_0900_ai_ci;
/*!40101 SET character_set_client = @saved_cs_client */;

--
-- Dumping data for table `django_admin_log`
--

LOCK TABLES `django_admin_log` WRITE;
/*!40000 ALTER TABLE `django_admin_log` DISABLE KEYS */;
/*!40000 ALTER TABLE `django_admin_log` ENABLE KEYS */;
UNLOCK TABLES;

--
-- Table structure for table `django_content_type`
--

DROP TABLE IF EXISTS `django_content_type`;
/*!40101 SET @saved_cs_client     = @@character_set_client */;
/*!50503 SET character_set_client = utf8mb4 */;
CREATE TABLE `django_content_type` (
  `id` int NOT NULL AUTO_INCREMENT,
  `app_label` varchar(100) NOT NULL,
  `model` varchar(100) NOT NULL,
  PRIMARY KEY (`id`),
  UNIQUE KEY `django_content_type_app_label_model_76bd3d3b_uniq` (`app_label`,`model`)
) ENGINE=InnoDB AUTO_INCREMENT=14 DEFAULT CHARSET=utf8mb4 COLLATE=utf8mb4_0900_ai_ci;
/*!40101 SET character_set_client = @saved_cs_client */;

--
-- Dumping data for table `django_content_type`
--

LOCK TABLES `django_content_type` WRITE;
/*!40000 ALTER TABLE `django_content_type` DISABLE KEYS */;
INSERT INTO `django_content_type` VALUES (1,'admin','logentry'),(3,'auth','group'),(2,'auth','permission'),(4,'auth','user'),(5,'contenttypes','contenttype'),(12,'medapp','image'),(7,'medapp','medsession'),(11,'medapp','medsessiongroup'),(13,'medapp','medsessionperson'),(8,'medapp','person'),(9,'medapp','room'),(10,'medapp','taskstatus'),(6,'sessions','session');
/*!40000 ALTER TABLE `django_content_type` ENABLE KEYS */;
UNLOCK TABLES;

--
-- Table structure for table `django_migrations`
--

DROP TABLE IF EXISTS `django_migrations`;
/*!40101 SET @saved_cs_client     = @@character_set_client */;
/*!50503 SET character_set_client = utf8mb4 */;
CREATE TABLE `django_migrations` (
  `id` bigint NOT NULL AUTO_INCREMENT,
  `app` varchar(255) NOT NULL,
  `name` varchar(255) NOT NULL,
  `applied` datetime(6) NOT NULL,
  PRIMARY KEY (`id`)
) ENGINE=InnoDB AUTO_INCREMENT=28 DEFAULT CHARSET=utf8mb4 COLLATE=utf8mb4_0900_ai_ci;
/*!40101 SET character_set_client = @saved_cs_client */;

--
-- Dumping data for table `django_migrations`
--

LOCK TABLES `django_migrations` WRITE;
/*!40000 ALTER TABLE `django_migrations` DISABLE KEYS */;
INSERT INTO `django_migrations` VALUES (1,'contenttypes','0001_initial','2023-11-14 09:05:17.219436'),(2,'auth','0001_initial','2023-11-14 09:05:17.548987'),(3,'admin','0001_initial','2023-11-14 09:05:17.629361'),(4,'admin','0002_logentry_remove_auto_add','2023-11-14 09:05:17.645304'),(5,'admin','0003_logentry_add_action_flag_choices','2023-11-14 09:05:17.656021'),(6,'contenttypes','0002_remove_content_type_name','2023-11-14 09:05:17.712375'),(7,'auth','0002_alter_permission_name_max_length','2023-11-14 09:05:17.747118'),(8,'auth','0003_alter_user_email_max_length','2023-11-14 09:05:17.797152'),(9,'auth','0004_alter_user_username_opts','2023-11-14 09:05:17.811851'),(10,'auth','0005_alter_user_last_login_null','2023-11-14 09:05:17.864551'),(11,'auth','0006_require_contenttypes_0002','2023-11-14 09:05:17.870348'),(12,'auth','0007_alter_validators_add_error_messages','2023-11-14 09:05:17.883462'),(13,'auth','0008_alter_user_username_max_length','2023-11-14 09:05:17.947468'),(14,'auth','0009_alter_user_last_name_max_length','2023-11-14 09:05:18.012762'),(15,'auth','0010_alter_group_name_max_length','2023-11-14 09:05:18.031941'),(16,'auth','0011_update_proxy_permissions','2023-11-14 09:05:18.042908'),(17,'auth','0012_alter_user_first_name_max_length','2023-11-14 09:05:18.078817'),(18,'medapp','0001_initial','2023-11-14 09:05:18.329260'),(19,'sessions','0001_initial','2023-11-14 09:05:18.364367'),(20,'medapp','0002_medsessionperson_attendance_and_more','2023-11-15 08:02:41.935737'),(21,'medapp','0003_alter_medsessionperson_elected_label_and_more','2023-11-15 13:19:15.513864'),(22,'medapp','0004_alter_taskstatus_status','2023-11-18 09:26:48.123280'),(23,'medapp','0005_rename_phase_taskstatus_msg','2023-11-18 09:48:15.077857'),(24,'medapp','0006_taskstatus_read','2023-11-19 19:58:12.494066'),(25,'medapp','0007_alter_medsessiongroup_group','2023-11-19 21:10:47.841033'),(26,'medapp','0002_alter_medsessionperson_added_by','2023-11-22 08:13:19.228823'),(27,'medapp','0003_person_personal_photo_url','2023-11-28 08:05:02.130868');
/*!40000 ALTER TABLE `django_migrations` ENABLE KEYS */;
UNLOCK TABLES;

--
-- Table structure for table `django_session`
--

DROP TABLE IF EXISTS `django_session`;
/*!40101 SET @saved_cs_client     = @@character_set_client */;
/*!50503 SET character_set_client = utf8mb4 */;
CREATE TABLE `django_session` (
  `session_key` varchar(40) NOT NULL,
  `session_data` longtext NOT NULL,
  `expire_date` datetime(6) NOT NULL,
  PRIMARY KEY (`session_key`),
  KEY `django_session_expire_date_a5c62663` (`expire_date`)
) ENGINE=InnoDB DEFAULT CHARSET=utf8mb4 COLLATE=utf8mb4_0900_ai_ci;
/*!40101 SET character_set_client = @saved_cs_client */;

--
-- Dumping data for table `django_session`
--

LOCK TABLES `django_session` WRITE;
/*!40000 ALTER TABLE `django_session` DISABLE KEYS */;
INSERT INTO `django_session` VALUES ('kr2gsiihac00l67mnhkbcqv1ffzy2z8n','.eJxVjMsOwiAQRf-FtSGD5VFcuu83kJmBStVAUtqV8d-VpAu9y3tOzksE3Lcc9pbWsERxEUqcfj9CfqTSQbxjuVXJtWzrQrIr8qBNTjWm5_Vw_wIZW-5ZUJoMGUtq0LMHY7-bycBIOrK2CuEc2TOjct55imZgR2qEwTMwaPH-AMMKNy4:1r2pR0:kKDibn0Kne8zCyYqAJjlqo_-UGZuoStsmOANllB7mw0','2023-11-28 09:10:14.200808'),('w50cmp9h6pql7gqosrtc8caiwsi9ghoj','.eJxVjMsOwiAQRf-FtSGD5VFcuu83kJmBStVAUtqV8d-VpAu9y3tOzksE3Lcc9pbWsERxEUqcfj9CfqTSQbxjuVXJtWzrQrIr8qBNTjWm5_Vw_wIZW-5ZUJoMGUtq0LMHY7-bycBIOrK2CuEc2TOjct55imZgR2qEwTMwaPH-AMMKNy4:1r83Xi:flBucLjcxReXeOI6XhdoyOGdoT_b2kOKEKRVUqufkKs','2023-12-12 19:14:46.124949');
/*!40000 ALTER TABLE `django_session` ENABLE KEYS */;
UNLOCK TABLES;

--
-- Table structure for table `medapp_image`
--

DROP TABLE IF EXISTS `medapp_image`;
/*!40101 SET @saved_cs_client     = @@character_set_client */;
/*!50503 SET character_set_client = utf8mb4 */;
CREATE TABLE `medapp_image` (
  `id` bigint NOT NULL AUTO_INCREMENT,
  `image` varchar(100) NOT NULL,
  `medsession_id` int NOT NULL,
  PRIMARY KEY (`id`),
  KEY `medapp_image_medsession_id_68c43d35_fk_medapp_me` (`medsession_id`),
  CONSTRAINT `medapp_image_medsession_id_68c43d35_fk_medapp_me` FOREIGN KEY (`medsession_id`) REFERENCES `medapp_medsession` (`sessionid`)
) ENGINE=InnoDB DEFAULT CHARSET=utf8mb4 COLLATE=utf8mb4_0900_ai_ci;
/*!40101 SET character_set_client = @saved_cs_client */;

--
-- Dumping data for table `medapp_image`
--

LOCK TABLES `medapp_image` WRITE;
/*!40000 ALTER TABLE `medapp_image` DISABLE KEYS */;
/*!40000 ALTER TABLE `medapp_image` ENABLE KEYS */;
UNLOCK TABLES;

--
-- Table structure for table `medapp_medsession`
--

DROP TABLE IF EXISTS `medapp_medsession`;
/*!40101 SET @saved_cs_client     = @@character_set_client */;
/*!50503 SET character_set_client = utf8mb4 */;
CREATE TABLE `medapp_medsession` (
  `sessionid` int NOT NULL AUTO_INCREMENT,
  `year` varchar(1) NOT NULL,
  `term` varchar(1) NOT NULL,
  `day` date NOT NULL,
  `period` varchar(1) NOT NULL,
  `room` varchar(30) NOT NULL,
  `course` varchar(400) NOT NULL,
  `lecturer` varchar(400) NOT NULL,
  `modifytime` datetime(6) NOT NULL,
  PRIMARY KEY (`sessionid`),
  KEY `medapp_medsession_room_id_0b23a0d7` (`room`)
) ENGINE=InnoDB AUTO_INCREMENT=13 DEFAULT CHARSET=utf8mb4 COLLATE=utf8mb4_0900_ai_ci;
/*!40101 SET character_set_client = @saved_cs_client */;

--
-- Dumping data for table `medapp_medsession`
--

LOCK TABLES `medapp_medsession` WRITE;
/*!40000 ALTER TABLE `medapp_medsession` DISABLE KEYS */;
INSERT INTO `medapp_medsession` VALUES (5,'3','1','2023-11-14','3','102','n/a','aaa','2023-11-14 19:55:21.684267'),(6,'3','1','2023-11-14','1','102','n/a','n/a','2023-11-14 12:11:54.323463'),(7,'3','1','2023-11-14','3','607','n/a','n/a','2023-11-14 12:40:03.201348'),(8,'3','1','2023-11-18','2','607','MED320 - Hepatology','Dr. Fadwa Ahmed','2023-11-20 10:54:40.531063'),(11,'3','1','2023-11-20','2','001','MED320 - Hepatology','Dr. Fadwa Ahmed','2023-11-25 08:24:33.419026'),(12,'3','1','2023-11-27','2','125','bbb','aaa','2023-11-27 20:02:25.904266');
/*!40000 ALTER TABLE `medapp_medsession` ENABLE KEYS */;
UNLOCK TABLES;

--
-- Table structure for table `medapp_medsessiongroup`
--

DROP TABLE IF EXISTS `medapp_medsessiongroup`;
/*!40101 SET @saved_cs_client     = @@character_set_client */;
/*!50503 SET character_set_client = utf8mb4 */;
CREATE TABLE `medapp_medsessiongroup` (
  `id` bigint NOT NULL AUTO_INCREMENT,
  `year` longtext,
  `group` int DEFAULT NULL,
  `modifytime` datetime(6) NOT NULL,
  `medsession_id` int NOT NULL,
  PRIMARY KEY (`id`),
  KEY `medapp_medsessiongro_medsession_id_a363bbb3_fk_medapp_me` (`medsession_id`),
  CONSTRAINT `medapp_medsessiongro_medsession_id_a363bbb3_fk_medapp_me` FOREIGN KEY (`medsession_id`) REFERENCES `medapp_medsession` (`sessionid`)
) ENGINE=InnoDB AUTO_INCREMENT=226 DEFAULT CHARSET=utf8mb4 COLLATE=utf8mb4_0900_ai_ci;
/*!40101 SET character_set_client = @saved_cs_client */;

--
-- Dumping data for table `medapp_medsessiongroup`
--

LOCK TABLES `medapp_medsessiongroup` WRITE;
/*!40000 ALTER TABLE `medapp_medsessiongroup` DISABLE KEYS */;
INSERT INTO `medapp_medsessiongroup` VALUES (21,'3',1,'2023-11-14 12:40:03.201348',7),(22,'3',4,'2023-11-14 19:55:21.687613',5),(35,'3',1,'2023-11-20 10:54:40.531063',8),(36,'3',2,'2023-11-20 10:54:40.573093',8),(178,'3',10,'2023-11-25 18:35:27.312002',11),(179,'3',11,'2023-11-25 18:35:27.406379',11),(180,'3',12,'2023-11-25 18:35:27.500290',11),(181,'3',9,'2023-11-26 08:54:08.358385',11),(182,'3',1,'2023-11-26 10:09:42.428991',11),(183,'3',2,'2023-11-27 19:39:40.727200',7),(184,'3',3,'2023-11-27 19:39:40.727200',7),(185,'3',4,'2023-11-27 19:39:40.727200',7),(186,'3',5,'2023-11-27 19:39:40.727200',7),(187,'3',6,'2023-11-27 19:39:40.727200',7),(188,'3',7,'2023-11-27 19:39:40.727200',7),(189,'3',8,'2023-11-27 19:39:40.727200',7),(190,'3',9,'2023-11-27 19:39:40.727200',7),(191,'3',10,'2023-11-27 19:39:40.727200',7),(192,'3',11,'2023-11-27 19:39:40.727200',7),(193,'3',12,'2023-11-27 19:39:40.727200',7),(194,'3',13,'2023-11-27 19:39:40.727200',7),(195,'3',14,'2023-11-27 19:39:40.727200',7),(196,'3',15,'2023-11-27 19:39:40.727200',7),(197,'3',16,'2023-11-27 19:39:40.727200',7),(198,'3',1,'2023-11-27 20:04:48.605536',12),(199,'3',2,'2023-11-27 20:04:48.605536',12),(200,'3',3,'2023-11-27 20:04:48.605536',12),(201,'3',4,'2023-11-27 20:04:48.605536',12),(214,'3',5,'2023-11-27 20:06:30.646895',12),(215,'3',6,'2023-11-27 20:06:30.646895',12),(216,'3',7,'2023-11-27 20:06:30.646895',12),(217,'3',8,'2023-11-27 20:06:30.646895',12),(218,'3',9,'2023-11-27 20:06:30.646895',12),(219,'3',10,'2023-11-27 20:06:30.646895',12),(220,'3',11,'2023-11-27 20:06:30.646895',12),(221,'3',12,'2023-11-27 20:06:30.646895',12),(222,'3',13,'2023-11-27 20:06:30.646895',12),(223,'3',14,'2023-11-27 20:06:30.646895',12),(224,'3',15,'2023-11-27 20:06:30.646895',12),(225,'3',16,'2023-11-27 20:06:30.646895',12);
/*!40000 ALTER TABLE `medapp_medsessiongroup` ENABLE KEYS */;
UNLOCK TABLES;

--
-- Table structure for table `medapp_medsessionperson`
--

DROP TABLE IF EXISTS `medapp_medsessionperson`;
/*!40101 SET @saved_cs_client     = @@character_set_client */;
/*!50503 SET character_set_client = utf8mb4 */;
CREATE TABLE `medapp_medsessionperson` (
  `status` varchar(200) NOT NULL,
  `id` int NOT NULL AUTO_INCREMENT,
  `box` longtext,
  `confidence` double DEFAULT NULL,
  `image_path` longtext,
  `image_url` varchar(200) DEFAULT NULL,
  `resnet50_label` varchar(200) DEFAULT NULL,
  `resnet50_confidence` double DEFAULT NULL,
  `senet50_label` varchar(200) DEFAULT NULL,
  `senet50_confidence` double DEFAULT NULL,
  `vgg16_label` varchar(200) DEFAULT NULL,
  `vgg16_confidence` double DEFAULT NULL,
  `elected_label` varchar(200) DEFAULT NULL,
  `corrected_label` varchar(200) DEFAULT NULL,
  `added_by` varchar(1) NOT NULL,
  `medsession_id` int NOT NULL,
  `person_id` int NOT NULL,
  `attendance` varchar(200) NOT NULL,
  PRIMARY KEY (`id`),
  UNIQUE KEY `medapp_medsessionperson_medsession_id_person_id_53c06274_uniq` (`medsession_id`,`person_id`),
  KEY `medapp_medsessionperson_person_id_3bd5e80d_fk_medapp_person_id` (`person_id`),
  CONSTRAINT `medapp_medsessionper_medsession_id_1142d631_fk_medapp_me` FOREIGN KEY (`medsession_id`) REFERENCES `medapp_medsession` (`sessionid`),
  CONSTRAINT `medapp_medsessionperson_person_id_3bd5e80d_fk_medapp_person_id` FOREIGN KEY (`person_id`) REFERENCES `medapp_person` (`id`)
) ENGINE=InnoDB AUTO_INCREMENT=2500 DEFAULT CHARSET=utf8mb4 COLLATE=utf8mb4_0900_ai_ci;
/*!40101 SET character_set_client = @saved_cs_client */;

--
-- Dumping data for table `medapp_medsessionperson`
--

LOCK TABLES `medapp_medsessionperson` WRITE;
/*!40000 ALTER TABLE `medapp_medsessionperson` DISABLE KEYS */;
INSERT INTO `medapp_medsessionperson` VALUES ('1',204,NULL,NULL,NULL,'',NULL,NULL,NULL,NULL,NULL,NULL,NULL,NULL,'0',5,145,'0'),('2',205,'[2078, 1329, 119, 152]',0.9993244409561157,'D:\\1- ws.projects\\medface.webapp\\media/runs\\3\\1\\2023-11-14\\3\\102\\IMG-20231112-WA0006.jpg','/media/temp/211000104_Menna Elswefy_ugc0yu85.jpg','211000104_Menna Elswefy',0.9902190566062927,'211000104_Menna Elswefy',0.9432318806648254,'211002299_Zayneb Soliman',0.9999982118606567,'211000104_Menna Elswefy',NULL,'0',5,6,'1'),('2',206,'[849, 1278, 120, 151]',0.9999971389770508,'D:\\1- ws.projects\\medface.webapp\\media/runs\\3\\1\\2023-11-14\\3\\102\\IMG-20231112-WA0006.jpg','/media/temp/211008843_John Nabil_z4akrmeq.jpg','211008843_John Nabil',0.9989632368087769,'211008843_John Nabil',0.999261200428009,'211003889_Mahmoud Yehia',0.7683453559875488,'211008843_John Nabil',NULL,'0',5,109,'1'),('5',207,'[2906, 1129, 86, 107]',0.9980677962303162,'D:\\1- ws.projects\\medface.webapp\\media/runs\\3\\1\\2023-11-14\\3\\102\\IMG-20231112-WA0006.jpg','','211000007_Maryam Tamer',0.8066126108169556,'211000007_Maryam Tamer',0.8126972317695618,'211000720_Ponsieh Samer',0.9105564951896667,'211000007_Maryam Tamer','211002693_Alaa Hassan','1',5,66,'1'),('2',208,'[1387, 1187, 85, 115]',0.9994600415229797,'D:\\1- ws.projects\\medface.webapp\\media/runs\\3\\1\\2023-11-14\\3\\102\\IMG-20231112-WA0006.jpg','/media/temp/211001921_Maya Abdo_7n3zyvvk.jpg','211001921_Maya Abdo',0.9594888091087341,'211001921_Maya Abdo',0.9982389211654663,'211000124_Retan Hazim',0.9710401296615601,'211001921_Maya Abdo',NULL,'0',5,54,'1'),('2',209,'[1268, 1174, 111, 145]',0.9998286962509155,'D:\\1- ws.projects\\medface.webapp\\media/runs\\3\\1\\2023-11-14\\3\\102\\IMG-20231112-WA0006.jpg','/media/temp/211000406_Rana Badr_a5jgxmd9.jpg','211000406_Rana Badr',0.7319952249526978,'211000406_Rana Badr',0.9996479749679565,'211000406_Rana Badr',0.9970784187316895,'211000406_Rana Badr',NULL,'0',5,16,'1'),('2',210,'[2311, 1545, 133, 160]',0.9990102052688599,'D:\\1- ws.projects\\medface.webapp\\media/runs\\3\\1\\2023-11-14\\3\\102\\IMG-20231112-WA0006.jpg','/media/temp/211003768_Wesal Diyaa_2z3o17uq.jpg','211011273_Shahd Roushdy',0.6227894425392151,'211000547_Merna Khalid',0.4439094662666321,'211003768_Wesal Diyaa',0.999974250793457,'211003768_Wesal Diyaa',NULL,'0',5,98,'1'),('2',211,'[1067, 1537, 148, 180]',1,'D:\\1- ws.projects\\medface.webapp\\media/runs\\3\\1\\2023-11-14\\3\\102\\IMG-20231112-WA0006.jpg','/media/temp/211010553_karim Mohsen_th91hb72.jpg','211010553_karim Mohsen',0.6782380938529968,'211010553_karim Mohsen',0.9999492168426514,'211010553_karim Mohsen',0.998680055141449,'211010553_karim Mohsen',NULL,'0',5,118,'1'),('2',212,'[2595, 1514, 165, 209]',0.9999916553497314,'D:\\1- ws.projects\\medface.webapp\\media/runs\\3\\1\\2023-11-14\\3\\102\\IMG-20231112-WA0006.jpg','/media/temp/211000809_Maryam Elsayed_aooi9c2f.jpg','211000809_Maryam Elsayed',0.8397575616836548,'211000809_Maryam Elsayed',0.9995949864387512,'211000809_Maryam Elsayed',0.9994770884513855,'211000809_Maryam Elsayed',NULL,'0',5,38,'1'),('2',213,'[678, 1205, 89, 119]',0.9704781174659729,'D:\\1- ws.projects\\medface.webapp\\media/runs\\3\\1\\2023-11-14\\3\\102\\IMG-20231112-WA0006.jpg','/media/temp/211000784_Mohamed Ossama_6aoukx4c.jpg','211000869_Walid Bahlol',0.32170042395591736,'211001167_Mostafa Ashraf',0.5819401144981384,'211000784_Mohamed Ossama',0.8857311010360718,'211000784_Mohamed Ossama',NULL,'0',5,34,'1'),('2',214,'[1823, 939, 70, 91]',0.9999951124191284,'D:\\1- ws.projects\\medface.webapp\\media/runs\\3\\1\\2023-11-14\\3\\102\\IMG-20231112-WA0006.jpg','/media/temp/211011153_Ahmed Gabr_4gmrzqnc.jpg','211011153_Ahmed Gabr',0.9522305130958557,'211011153_Ahmed Gabr',0.4311744272708893,'211003497_Abdel Rahman Hegazy',0.9504697918891907,'211011153_Ahmed Gabr',NULL,'0',5,142,'1'),('2',215,'[5, 912, 67, 82]',0.999833345413208,'D:\\1- ws.projects\\medface.webapp\\media/runs\\3\\1\\2023-11-14\\3\\102\\IMG-20231112-WA0006.jpg','/media/temp/211002785_Amal Arafa_fx511k3b.jpg','211002785_Amal Arafa',0.9513084292411804,'211002785_Amal Arafa',0.999545156955719,'211002785_Amal Arafa',0.9961217045783997,'211002785_Amal Arafa',NULL,'0',5,70,'1'),('2',216,'[3584, 1367, 134, 155]',0.9999868869781494,'D:\\1- ws.projects\\medface.webapp\\media/runs\\3\\1\\2023-11-14\\3\\102\\IMG-20231112-WA0006.jpg','/media/temp/211000798_Fliopater Gadallah_m8w1o1d4.jpg','211000798_Fliopater Gadallah',0.8749739527702332,'211011153_Ahmed Gabr',0.5331306457519531,'211000798_Fliopater Gadallah',1,'211000798_Fliopater Gadallah',NULL,'0',5,36,'1'),('2',217,'[2554, 2134, 219, 290]',0.9999886751174927,'D:\\1- ws.projects\\medface.webapp\\media/runs\\3\\1\\2023-11-14\\3\\102\\IMG-20231112-WA0006.jpg','/media/temp/211010129_Mennah Mostafa_c672apgm.jpg','211010129_Mennah Mostafa',0.9985114932060242,'211010129_Mennah Mostafa',0.9973921775817871,'211010129_Mennah Mostafa',0.9999997615814209,'211010129_Mennah Mostafa',NULL,'0',5,114,'1'),('2',218,'[1794, 1051, 82, 93]',0.9987214207649231,'D:\\1- ws.projects\\medface.webapp\\media/runs\\3\\1\\2023-11-14\\3\\102\\IMG-20231112-WA0006.jpg','/media/temp/211002333_Jasmin Hassan_qsmt23wj.jpg','211002333_Jasmin Hassan',0.9165186882019043,'211002333_Jasmin Hassan',0.8222934603691101,'211000559_Alaa Harraz',0.9912831783294678,'211002333_Jasmin Hassan',NULL,'0',5,59,'1'),('2',219,'[386, 1558, 165, 199]',0.9999914169311523,'D:\\1- ws.projects\\medface.webapp\\media/runs\\3\\1\\2023-11-14\\3\\102\\IMG-20231112-WA0006.jpg','/media/temp/211003497_Abdel Rahman Hegazy_qhj3jxq2.jpg','211003523_Ahmed Khamis',0.8930653929710388,'211003497_Abdel Rahman Hegazy',0.5204609036445618,'211003497_Abdel Rahman Hegazy',0.9999914169311523,'211003497_Abdel Rahman Hegazy',NULL,'0',5,86,'1'),('2',220,'[250, 915, 86, 104]',0.9989449381828308,'D:\\1- ws.projects\\medface.webapp\\media/runs\\3\\1\\2023-11-14\\3\\102\\IMG-20231112-WA0006.jpg','/media/temp/211000800_Karim Elsamadisy_aog_b7h4.jpg','212001020_Hamza Badawy',0.3995448648929596,'211000800_Karim Elsamadisy',0.9996160268783569,'211000800_Karim Elsamadisy',0.9999998807907104,'211000800_Karim Elsamadisy',NULL,'0',5,37,'1'),('2',221,'[904, 1644, 168, 204]',0.9999922513961792,'D:\\1- ws.projects\\medface.webapp\\media/runs\\3\\1\\2023-11-14\\3\\102\\IMG-20231112-WA0006.jpg','/media/temp/211002299_Zayneb Soliman_qsf_rpjv.jpg','211002299_Zayneb Soliman',0.7915183305740356,'211002299_Zayneb Soliman',0.9933409094810486,'211002299_Zayneb Soliman',0.9993116855621338,'211002299_Zayneb Soliman',NULL,'0',5,58,'1'),('2',222,'[3250, 1356, 134, 151]',0.999980092048645,'D:\\1- ws.projects\\medface.webapp\\media/runs\\3\\1\\2023-11-14\\3\\102\\IMG-20231112-WA0006.jpg','/media/temp/211008096_Omar Ossama_1ezat8h2.jpg','211001669_Mina Louise',0.1905389428138733,'211008096_Omar Ossama',0.879831850528717,'211008096_Omar Ossama',0.9999916553497314,'211008096_Omar Ossama',NULL,'0',5,104,'1'),('2',223,'[570, 935, 79, 98]',0.9999004602432251,'D:\\1- ws.projects\\medface.webapp\\media/runs\\3\\1\\2023-11-14\\3\\102\\IMG-20231112-WA0006.jpg','/media/temp/211010638_Mohamed Nazieh_xbl8a1kp.jpg','211001167_Mostafa Ashraf',0.23058678209781647,'211000784_Mohamed Ossama',0.38308656215667725,'211010638_Mohamed Nazieh',0.9906777143478394,'211010638_Mohamed Nazieh',NULL,'0',5,119,'1'),('2',224,'[2652, 1107, 111, 135]',0.99996018409729,'D:\\1- ws.projects\\medface.webapp\\media/runs\\3\\1\\2023-11-14\\3\\102\\IMG-20231112-WA0006.jpg','/media/temp/211010960_Saleh Mohamed_791k5u7y.jpg','211010960_Saleh Mohamed',0.9964414238929749,'211010960_Saleh Mohamed',0.9995338916778564,'211010960_Saleh Mohamed',0.9999996423721313,'211010960_Saleh Mohamed',NULL,'0',5,130,'1'),('2',225,'[3212, 1785, 174, 227]',0.9909495711326599,'D:\\1- ws.projects\\medface.webapp\\media/runs\\3\\1\\2023-11-14\\3\\102\\IMG-20231112-WA0006.jpg','/media/temp/211003630_Yassmin Kandil_qm9oyo4t.jpg','211003630_Yassmin Kandil',0.9905166029930115,'211003630_Yassmin Kandil',0.9992119073867798,'211003630_Yassmin Kandil',1,'211003630_Yassmin Kandil',NULL,'0',5,91,'1'),('2',226,'[1827, 2063, 271, 321]',0.9995272159576416,'D:\\1- ws.projects\\medface.webapp\\media/runs\\3\\1\\2023-11-14\\3\\102\\IMG-20231112-WA0006.jpg','/media/temp/211001914_Arwah Ahmed_r8x58b4r.jpg','211001914_Arwah Ahmed',0.9975070357322693,'211001914_Arwah Ahmed',0.9994762539863586,'211001914_Arwah Ahmed',1,'211001914_Arwah Ahmed',NULL,'0',5,53,'1'),('2',227,'[1464, 1614, 172, 215]',0.9999897480010986,'D:\\1- ws.projects\\medface.webapp\\media/runs\\3\\1\\2023-11-14\\3\\102\\IMG-20231112-WA0006.jpg','/media/temp/211003336_Sherihan Hassan_7wws4z04.jpg','211003336_Sherihan Hassan',0.49618807435035706,'211003336_Sherihan Hassan',0.8176581263542175,'211000151_Bassant Gamal Eldin',0.9282624125480652,'211003336_Sherihan Hassan',NULL,'0',5,83,'1'),('2',228,'[2430, 1772, 183, 227]',0.9990811347961426,'D:\\1- ws.projects\\medface.webapp\\media/runs\\3\\1\\2023-11-14\\3\\102\\IMG-20231112-WA0006.jpg','/media/temp/211010040_Zainab Ibrahim_txks5vbw.jpg','211010040_Zainab Ibrahim',0.9994065761566162,'211010040_Zainab Ibrahim',0.9472407698631287,'211010040_Zainab Ibrahim',0.9424681067466736,'211010040_Zainab Ibrahim',NULL,'0',5,112,'1'),('2',229,'[2776, 1319, 115, 136]',0.9999998807907104,'D:\\1- ws.projects\\medface.webapp\\media/runs\\3\\1\\2023-11-14\\3\\102\\IMG-20231112-WA0006.jpg','/media/temp/211008767_Merna Nasser__5vg9n73.jpg','211008767_Merna Nasser',0.8665350675582886,'211008767_Merna Nasser',0.956039309501648,'211008767_Merna Nasser',0.9886216521263123,'211008767_Merna Nasser',NULL,'0',5,107,'1'),('2',230,'[3245, 1178, 100, 119]',0.999997615814209,'D:\\1- ws.projects\\medface.webapp\\media/runs\\3\\1\\2023-11-14\\3\\102\\IMG-20231112-WA0006.jpg','/media/temp/211008839_Mostafa Serah_12gq6zsc.jpg','211000053_Rahaf Ibrahim',0.17038248479366302,'211001167_Mostafa Ashraf',0.7557787299156189,'211008839_Mostafa Serah',0.9996970891952515,'211008839_Mostafa Serah',NULL,'0',5,108,'1'),('2',231,'[1051, 1285, 110, 132]',0.9988794922828674,'D:\\1- ws.projects\\medface.webapp\\media/runs\\3\\1\\2023-11-14\\3\\102\\IMG-20231112-WA0009.jpg','/media/temp/211003548_Janna Younis_ijq14eba.jpg','211003548_Janna Younis',0.28543052077293396,'211003548_Janna Younis',0.7309637069702148,'211000551_Farah Alian',0.9999995231628418,'211003548_Janna Younis',NULL,'0',5,88,'1'),('2',232,'[2958, 1440, 145, 174]',0.9999071359634399,'D:\\1- ws.projects\\medface.webapp\\media/runs\\3\\1\\2023-11-14\\3\\102\\IMG-20231112-WA0006.jpg','/media/temp/211001676_Kerolous Youssef_pigmbgeg.jpg','211001676_Kerolous Youssef',0.9793969392776489,'211001676_Kerolous Youssef',0.9982574582099915,'211001676_Kerolous Youssef',0.9999821186065674,'211001676_Kerolous Youssef',NULL,'0',5,50,'1'),('2',233,'[2432, 1342, 97, 125]',0.9996092915534973,'D:\\1- ws.projects\\medface.webapp\\media/runs\\3\\1\\2023-11-14\\3\\102\\IMG-20231112-WA0006.jpg','/media/temp/211000053_Rahaf Ibrahim_oz3l5c_3.jpg','211000053_Rahaf Ibrahim',0.9329599738121033,'211000053_Rahaf Ibrahim',0.8798670768737793,'211000053_Rahaf Ibrahim',0.958955705165863,'211000053_Rahaf Ibrahim',NULL,'0',5,3,'1'),('2',234,'[1080, 1355, 133, 157]',0.9997133612632751,'D:\\1- ws.projects\\medface.webapp\\media/runs\\3\\1\\2023-11-14\\3\\102\\IMG-20231112-WA0006.jpg','/media/temp/211000864_Hazem Elsayed_qadk_3bb.jpg','211000864_Hazem Elsayed',0.9992008805274963,'211000864_Hazem Elsayed',0.9992581009864807,'211000864_Hazem Elsayed',0.9946395754814148,'211000864_Hazem Elsayed',NULL,'0',5,40,'1'),('2',235,'[378, 2735, 301, 361]',0.9923036694526672,'D:\\1- ws.projects\\medface.webapp\\media/runs\\3\\1\\2023-11-14\\3\\102\\IMG-20231112-WA0006.jpg','/media/temp/212001377_Mohamed Hatem_wwx0eik1.jpg','212001377_Mohamed Hatem',0.9794062972068787,'212001377_Mohamed Hatem',0.99997878074646,'211003335_Abdallah Saied',0.9999971389770508,'212001377_Mohamed Hatem',NULL,'0',5,166,'1'),('2',236,'[793, 1037, 78, 95]',0.9999778270721436,'D:\\1- ws.projects\\medface.webapp\\media/runs\\3\\1\\2023-11-14\\3\\102\\IMG-20231112-WA0006.jpg','/media/temp/211000378_Reem Hafez_s367ypsm.jpg','211000378_Reem Hafez',0.9265073537826538,'211000720_Ponsieh Samer',0.6083720922470093,'211008096_Omar Ossama',0.8240953087806702,'211000378_Reem Hafez',NULL,'0',5,15,'1'),('2',237,'[1938, 1160, 116, 143]',0.9997349381446838,'D:\\1- ws.projects\\medface.webapp\\media/runs\\3\\1\\2023-11-14\\3\\102\\IMG-20231112-WA0006.jpg','/media/temp/211000712_Mazin Bahnasy_17hn7bow.jpg','211000712_Mazin Bahnasy',0.9957913160324097,'211000712_Mazin Bahnasy',0.999998927116394,'211010755_Arsany Fawzy',0.999916672706604,'211000712_Mazin Bahnasy',NULL,'0',5,28,'1'),('2',238,'[3228, 1980, 206, 261]',0.9987309575080872,'D:\\1- ws.projects\\medface.webapp\\media/runs\\3\\1\\2023-11-14\\3\\102\\IMG-20231112-WA0006.jpg','/media/temp/211002591_Aliaa Hablas_ff9b103c.jpg','211002591_Aliaa Hablas',0.9383235573768616,'211002591_Aliaa Hablas',0.988838791847229,'211003737_Manar Shahin',0.731412410736084,'211002591_Aliaa Hablas','211002591_Aliaa Hablas','1',5,63,'1'),('2',239,'[3126, 1352, 97, 124]',0.9991057515144348,'D:\\1- ws.projects\\medface.webapp\\media/runs\\3\\1\\2023-11-14\\3\\102\\IMG-20231112-WA0006.jpg','/media/temp/211001927_Hanin Zahran_kxlz4wem.jpg','211001927_Hanin Zahran',0.628754198551178,'211001927_Hanin Zahran',0.9161385297775269,'211001669_Mina Louise',0.5736430883407593,'211001927_Hanin Zahran',NULL,'0',5,55,'1'),('2',240,'[2332, 1188, 107, 123]',0.9989606142044067,'D:\\1- ws.projects\\medface.webapp\\media/runs\\3\\1\\2023-11-14\\3\\102\\IMG-20231112-WA0006.jpg','/media/temp/211003775_Ammar Yasser_7bl9x9oz.jpg','211002785_Amal Arafa',0.6378995180130005,'211010731_Nouran Khaled',0.9305332899093628,'211003775_Ammar Yasser',0.9718701839447021,'211003775_Ammar Yasser',NULL,'0',5,99,'1'),('2',241,'[1712, 1355, 121, 155]',0.9978309273719788,'D:\\1- ws.projects\\medface.webapp\\media/runs\\3\\1\\2023-11-14\\3\\102\\IMG-20231112-WA0006.jpg','/media/temp/211003745_Ahmed Medhat_sbgmnwed.jpg','211003745_Ahmed Medhat',0.6294150948524475,'211003745_Ahmed Medhat',0.9855964183807373,'211000869_Walid Bahlol',0.6071231365203857,'211003745_Ahmed Medhat',NULL,'0',5,96,'1'),('2',242,'[3049, 1153, 105, 134]',0.999955415725708,'D:\\1- ws.projects\\medface.webapp\\media/runs\\3\\1\\2023-11-14\\3\\102\\IMG-20231112-WA0006.jpg','/media/temp/211003889_Mahmoud Yehia_ermhhk0y.jpg','211003889_Mahmoud Yehia',0.9898052215576172,'211003889_Mahmoud Yehia',0.9981915354728699,'211003889_Mahmoud Yehia',1,'211003889_Mahmoud Yehia',NULL,'0',5,100,'1'),('2',243,'[1746, 1177, 85, 106]',0.9999889135360718,'D:\\1- ws.projects\\medface.webapp\\media/runs\\3\\1\\2023-11-14\\3\\102\\IMG-20231112-WA0006.jpg','/media/temp/212001112_Maryam Hammam_yoc7oboq.jpg','212001112_Maryam Hammam',0.9539424180984497,'212001112_Maryam Hammam',0.64029461145401,'212001112_Maryam Hammam',0.9940286874771118,'212001112_Maryam Hammam',NULL,'0',5,160,'1'),('2',244,'[0, 1164, 137, 180]',0.9999932050704956,'D:\\1- ws.projects\\medface.webapp\\media/runs\\3\\1\\2023-11-14\\3\\102\\IMG-20231112-WA0006.jpg','/media/temp/211011035_Abdelrahman Seddik_xor7smut.jpg','211011035_Abdelrahman Seddik',0.9960052371025085,'211011035_Abdelrahman Seddik',0.9789339303970337,'211011035_Abdelrahman Seddik',0.999994158744812,'211011035_Abdelrahman Seddik',NULL,'0',5,135,'1'),('2',245,'[2103, 1564, 128, 159]',0.9999951124191284,'D:\\1- ws.projects\\medface.webapp\\media/runs\\3\\1\\2023-11-14\\3\\102\\IMG-20231112-WA0006.jpg','/media/temp/211003660_Habiba Mohamed_4hb62bln.jpg','211000559_Alaa Harraz',0.19817940890789032,'211003660_Habiba Mohamed',0.4014795422554016,'211003660_Habiba Mohamed',0.999931812286377,'211003660_Habiba Mohamed',NULL,'0',5,92,'1'),('1',246,NULL,NULL,NULL,'',NULL,NULL,NULL,NULL,NULL,NULL,NULL,NULL,'0',5,82,'0'),('2',247,'[2217, 1061, 81, 100]',0.9964914917945862,'D:\\1- ws.projects\\medface.webapp\\media/runs\\3\\1\\2023-11-14\\3\\102\\IMG-20231112-WA0006.jpg','/media/temp/211000768_Renad Ashraf_7obam6lu.jpg','211000768_Renad Ashraf',0.6164973378181458,'211000768_Renad Ashraf',0.9994208812713623,'211000278_Belal Hany',0.737392783164978,'211000768_Renad Ashraf',NULL,'0',5,32,'1'),('5',248,'',0,'','','',0,'',0,'',0,'','','0',5,18,'0'),('5',249,'',0,'','','',0,'',0,'',0,'','','0',5,47,'0'),('5',250,'',0,'','','',0,'',0,'',0,'','','0',5,48,'0'),('5',251,'',0,'','','',0,'',0,'',0,'','','0',5,61,'0'),('5',252,'',0,'','','',0,'',0,'',0,'','','0',5,80,'0'),('5',253,'',0,'','','',0,'',0,'',0,'','211002984_Abdallah Emad','1',5,94,'0'),('2',254,'[2975, 1250, 66, 81]',0.9999191761016846,'D:\\1- ws.projects\\medface.webapp\\media/runs\\3\\1\\2023-11-14\\3\\102\\IMG-20231112-WA0009.jpg','/media/temp/211012090_Magda Mohamed_vkn2x62l.jpg','211012090_Magda Mohamed',0.9924128651618958,'211012090_Magda Mohamed',0.9988304972648621,'211000072_Ahmed Agawany',0.5114755034446716,'211012090_Magda Mohamed','','0',5,152,'1'),('5',255,'[1268, 1174, 111, 145]',0.9998286962509155,'D:\\1- ws.projects\\medface.webapp\\media/runs\\3\\1\\2023-11-14\\3\\102\\IMG-20231112-WA0006.jpg','','211000406_Rana Badr',0.7324901819229126,'211000406_Rana Badr',0.9996480941772461,'211000406_Rana Badr',0.9970784187316895,'211000406_Rana Badr','211011152_Abdelrahman Ashour','1',5,141,'1'),('2',256,'[318, 748, 54, 65]',0.9999696016311646,'D:\\1- ws.projects\\medface.webapp\\media/runs\\3\\1\\2023-11-14\\3\\102\\IMG-20231112-WA0009.jpg','/media/temp/211000720_Ponsieh Samer_1hhf7prl.jpg','211000378_Reem Hafez',0.6568793654441833,'211000720_Ponsieh Samer',0.9433857798576355,'211000720_Ponsieh Samer',0.5721554756164551,'211000720_Ponsieh Samer',NULL,'0',5,30,'1'),('2',257,'[2553, 1293, 84, 105]',0.9999370574951172,'D:\\1- ws.projects\\medface.webapp\\media/runs\\3\\1\\2023-11-14\\3\\102\\IMG-20231112-WA0009.jpg','/media/temp/211008088_Rana Yasser_rxusylns.jpg','211008088_Rana Yasser',0.9999964237213135,'211008088_Rana Yasser',0.9986774325370789,'211008767_Merna Nasser',0.5210283994674683,'211008088_Rana Yasser',NULL,'0',5,103,'1'),('2',258,'[39, 1036, 115, 132]',0.9999948740005493,'D:\\1- ws.projects\\medface.webapp\\media/runs\\3\\1\\2023-11-14\\3\\102\\IMG-20231112-WA0009.jpg','/media/temp/211003523_Ahmed Khamis_3nxdgtrp.jpg','211003523_Ahmed Khamis',0.9889838099479675,'211003523_Ahmed Khamis',0.9995467066764832,'211000784_Mohamed Ossama',0.9963153004646301,'211003523_Ahmed Khamis',NULL,'0',5,87,'1'),('2',259,'[3100, 1390, 86, 103]',0.9999963045120239,'D:\\1- ws.projects\\medface.webapp\\media/runs\\3\\1\\2023-11-14\\3\\102\\IMG-20231112-WA0009.jpg','/media/temp/211003760_Sarah El Kerdawi_099hc0qj.jpg','211003760_Sarah El Kerdawi',0.9969848990440369,'211003760_Sarah El Kerdawi',0.996051013469696,'211003889_Mahmoud Yehia',0.7904198169708252,'211003760_Sarah El Kerdawi',NULL,'0',5,97,'1'),('2',260,'[2815, 1454, 103, 134]',0.9999582767486572,'D:\\1- ws.projects\\medface.webapp\\media/runs\\3\\1\\2023-11-14\\3\\102\\IMG-20231112-WA0009.jpg','/media/temp/211011260_Janah Shady_70b1w0ow.jpg','211011260_Janah Shady',0.9828761219978333,'211011260_Janah Shady',0.6266996264457703,'211003737_Manar Shahin',0.534358024597168,'211011260_Janah Shady',NULL,'0',5,148,'1'),('2',261,'[905, 1019, 82, 99]',0.8590697050094604,'D:\\1- ws.projects\\medface.webapp\\media/runs\\3\\1\\2023-11-14\\3\\102\\IMG-20231112-WA0009.jpg','/media/temp/211001669_Mina Louise_zyerukez.jpg','211001669_Mina Louise',0.9477795362472534,'211001669_Mina Louise',0.9420064687728882,'211000548_Hazim Mostafa',0.7362436056137085,'211001669_Mina Louise',NULL,'0',5,49,'1'),('2',262,'[2906, 1129, 86, 107]',0.9980677962303162,'D:\\1- ws.projects\\medface.webapp\\media/runs\\3\\1\\2023-11-14\\3\\102\\IMG-20231112-WA0006.jpg','/media/temp/211000007_Maryam Tamer_u_s994tv.jpg','211000007_Maryam Tamer',0.8065794706344604,'211000007_Maryam Tamer',0.812976598739624,'211000720_Ponsieh Samer',0.9105522036552429,'211000007_Maryam Tamer',NULL,'0',5,2,'1'),('2',263,'[2093, 1392, 114, 144]',0.9992468357086182,'D:\\1- ws.projects\\medface.webapp\\media/runs\\3\\1\\2023-11-14\\3\\102\\IMG-20231112-WA0009.jpg','/media/temp/211001708_Hana Hesham_fstt6onm.jpg','211001708_Hana Hesham',0.9996440410614014,'211001708_Hana Hesham',0.9999805688858032,'211001708_Hana Hesham',1,'211001708_Hana Hesham',NULL,'0',5,52,'1'),('2',264,'[2996, 1367, 100, 125]',0.9999979734420776,'D:\\1- ws.projects\\medface.webapp\\media/runs\\3\\1\\2023-11-14\\3\\102\\IMG-20231112-WA0009.jpg','/media/temp/211000408_Mohamed Saleh_mhj_p7ci.jpg','211002656_Nabil Oraby',0.5298240184783936,'211002997_Ahmed Attiah',0.903911828994751,'211000408_Mohamed Saleh',0.9999982118606567,'211000408_Mohamed Saleh',NULL,'0',5,17,'1'),('2',265,'[3451, 1328, 95, 110]',0.9999854564666748,'D:\\1- ws.projects\\medface.webapp\\media/runs\\3\\1\\2023-11-14\\3\\102\\IMG-20231112-WA0009.jpg','/media/temp/211003626_Abdallah Salman_qor7p1_m.jpg','211003626_Abdallah Salman',0.814236044883728,'211003626_Abdallah Salman',0.9963313937187195,'211003626_Abdallah Salman',0.9999988079071045,'211003626_Abdallah Salman',NULL,'0',5,89,'1'),('1',266,NULL,NULL,NULL,'',NULL,NULL,NULL,NULL,NULL,NULL,NULL,NULL,'0',5,9,'0'),('2',267,'[429, 849, 60, 79]',0.9881739616394043,'D:\\1- ws.projects\\medface.webapp\\media/runs\\3\\1\\2023-11-14\\3\\102\\IMG-20231112-WA0009.jpg','/media/temp/211011097_Maryam Shaltout_5pn0end6.jpg','211011097_Maryam Shaltout',0.5356773734092712,'211011097_Maryam Shaltout',0.49815893173217773,'211011097_Maryam Shaltout',0.6552972197532654,'211011097_Maryam Shaltout',NULL,'0',5,138,'1'),('2',268,'[3233, 1416, 76, 101]',0.9996787309646606,'D:\\1- ws.projects\\medface.webapp\\media/runs\\3\\1\\2023-11-14\\3\\102\\IMG-20231112-WA0009.jpg','/media/temp/211002119_Nada Ashoush_1o19hwlx.jpg','211002119_Nada Ashoush',0.5242809057235718,'211002119_Nada Ashoush',0.9962093830108643,'211002119_Nada Ashoush',0.9988099336624146,'211002119_Nada Ashoush',NULL,'0',5,56,'1'),('2',269,'[2607, 1124, 64, 84]',0.9999350309371948,'D:\\1- ws.projects\\medface.webapp\\media/runs\\3\\1\\2023-11-14\\3\\102\\IMG-20231112-WA0009.jpg','/media/temp/231001961_Amr Hablas_vtpzl9w6.jpg','231001961_Amr Hablas',0.8343438506126404,'231001961_Amr Hablas',0.997601330280304,'212001084_Assem Mohamed',0.42783740162849426,'231001961_Amr Hablas',NULL,'0',5,169,'1'),('2',270,'[2269, 1457, 103, 134]',0.9999499320983887,'D:\\1- ws.projects\\medface.webapp\\media/runs\\3\\1\\2023-11-14\\3\\102\\IMG-20231112-WA0009.jpg','/media/temp/211010358_Arwah Saleh_uzhzb4_x.jpg','211010358_Arwah Saleh',0.9899734258651733,'211010358_Arwah Saleh',0.99998939037323,'211010358_Arwah Saleh',1,'211010358_Arwah Saleh',NULL,'0',5,117,'1'),('1',271,NULL,NULL,NULL,'',NULL,NULL,NULL,NULL,NULL,NULL,NULL,NULL,'0',5,23,'0'),('2',272,'[10, 835, 59, 80]',0.983683168888092,'D:\\1- ws.projects\\medface.webapp\\media/runs\\3\\1\\2023-11-14\\3\\102\\IMG-20231112-WA0009.jpg','/media/temp/211000535_Hanaa Islam_q7h0zw3p.jpg','211010973_Zina Fayez',0.1907336562871933,'211000535_Hanaa Islam',0.7652155160903931,'211000535_Hanaa Islam',0.9885358214378357,'211000535_Hanaa Islam',NULL,'0',5,20,'1'),('2',273,'[2825, 1252, 72, 84]',0.9990540146827698,'D:\\1- ws.projects\\medface.webapp\\media/runs\\3\\1\\2023-11-14\\3\\102\\IMG-20231112-WA0009.jpg','/media/temp/211011261_Lougin Shady_ita9q6p5.jpg','211011261_Lougin Shady',0.9380191564559937,'211011261_Lougin Shady',0.49549999833106995,'211008096_Omar Ossama',0.9996494054794312,'211011261_Lougin Shady',NULL,'0',5,149,'1'),('2',274,'[2321, 1117, 78, 97]',0.996225118637085,'D:\\1- ws.projects\\medface.webapp\\media/runs\\3\\1\\2023-11-14\\3\\102\\IMG-20231112-WA0009.jpg','/media/temp/211008759_Sief Atta_su_msso9.jpg','211008759_Sief Atta',0.47183850407600403,'211008759_Sief Atta',0.8476446866989136,'211002997_Ahmed Attiah',0.9999854564666748,'211008759_Sief Atta',NULL,'0',5,106,'1'),('2',275,'[2718, 1270, 72, 90]',0.9999934434890747,'D:\\1- ws.projects\\medface.webapp\\media/runs\\3\\1\\2023-11-14\\3\\102\\IMG-20231112-WA0009.jpg','/media/temp/211003023_Jannah Walid_kroys0y8.jpg','211003023_Jannah Walid',0.997670590877533,'211003023_Jannah Walid',0.999972939491272,'211003023_Jannah Walid',0.993190348148346,'211003023_Jannah Walid',NULL,'0',5,76,'1'),('2',276,'[1793, 972, 54, 68]',0.9999643564224243,'D:\\1- ws.projects\\medface.webapp\\media/runs\\3\\1\\2023-11-14\\3\\102\\IMG-20231112-WA0009.jpg','/media/temp/211011174_Baraa Hamdy_ejqkfyyc.jpg','211000784_Mohamed Ossama',0.2339242547750473,'211001167_Mostafa Ashraf',0.7067719101905823,'211011174_Baraa Hamdy',0.9998170733451843,'211011174_Baraa Hamdy',NULL,'0',5,143,'1'),('2',277,'[373, 614, 70, 86]',0.9999698400497437,'D:\\1- ws.projects\\medface.webapp\\media/runs\\3\\1\\2023-11-14\\1\\102\\371907709_316277017593100_3234929751648161227_n.jpg','/media/temp/212001377_Mohamed Hatem_18_gfjak.jpg','212001377_Mohamed Hatem',0.9999523162841797,'212001377_Mohamed Hatem',0.9999945163726807,'212001377_Mohamed Hatem',1,'212001377_Mohamed Hatem',NULL,'0',6,166,'1'),('2',278,'[775, 596, 70, 86]',0.999934196472168,'D:\\1- ws.projects\\medface.webapp\\media/runs\\3\\1\\2023-11-14\\1\\102\\371907709_316277017593100_3234929751648161227_n.jpg','/media/temp/211011035_Abdelrahman Seddik_qi9_2npg.jpg','211011035_Abdelrahman Seddik',0.8396586179733276,'211002997_Ahmed Attiah',0.48964256048202515,'211011035_Abdelrahman Seddik',0.9998273849487305,'211011035_Abdelrahman Seddik',NULL,'0',6,135,'1'),('2',279,'[563, 606, 72, 89]',0.9998250603675842,'D:\\1- ws.projects\\medface.webapp\\media/runs\\3\\1\\2023-11-14\\1\\102\\371907709_316277017593100_3234929751648161227_n.jpg','/media/temp/211008759_Sief Atta_6ogvws5c.jpg','211008759_Sief Atta',0.9996614456176758,'211008759_Sief Atta',0.9944409728050232,'211008759_Sief Atta',1,'211008759_Sief Atta',NULL,'0',6,106,'1'),('2',280,'[494, 345, 52, 63]',0.9938598871231079,'D:\\1- ws.projects\\medface.webapp\\media/runs\\3\\1\\2023-11-14\\1\\102\\371907709_316277017593100_3234929751648161227_n.jpg','/media/temp/211002591_Aliaa Hablas_oukp7mcm.jpg','211002591_Aliaa Hablas',0.9912864565849304,'211002591_Aliaa Hablas',0.9848873019218445,'211003737_Manar Shahin',1,'211002591_Aliaa Hablas',NULL,'0',6,63,'1'),('2',281,'[757, 379, 51, 62]',0.998671293258667,'D:\\1- ws.projects\\medface.webapp\\media/runs\\3\\1\\2023-11-14\\1\\102\\371907709_316277017593100_3234929751648161227_n.jpg','/media/temp/211008088_Rana Yasser_4p6h5qs5.jpg','211008088_Rana Yasser',0.9996222257614136,'211008088_Rana Yasser',0.91985023021698,'211003548_Janna Younis',0.8285223245620728,'211008088_Rana Yasser',NULL,'0',6,103,'1'),('2',282,'[363, 370, 62, 72]',0.9987035989761353,'D:\\1- ws.projects\\medface.webapp\\media/runs\\3\\1\\2023-11-14\\1\\102\\371907709_316277017593100_3234929751648161227_n.jpg','/media/temp/211003660_Habiba Mohamed_ews7_sjf.jpg','211003660_Habiba Mohamed',0.9993360638618469,'211003660_Habiba Mohamed',0.9999513626098633,'211003660_Habiba Mohamed',1,'211003660_Habiba Mohamed',NULL,'0',6,92,'1'),('2',283,'[1229, 347, 50, 62]',0.9939370155334473,'D:\\1- ws.projects\\medface.webapp\\media/runs\\3\\1\\2023-11-14\\1\\102\\371907709_316277017593100_3234929751648161227_n.jpg','/media/temp/211000007_Maryam Tamer_ed_jtz9_.jpg','211000007_Maryam Tamer',0.9912083148956299,'211000007_Maryam Tamer',0.9588592648506165,'211003737_Manar Shahin',0.9963764548301697,'211000007_Maryam Tamer',NULL,'0',6,2,'1'),('2',284,'[952, 583, 68, 78]',0.9999697208404541,'D:\\1- ws.projects\\medface.webapp\\media/runs\\3\\1\\2023-11-14\\1\\102\\371907709_316277017593100_3234929751648161227_n.jpg','/media/temp/211010553_karim Mohsen_nvaoboz7.jpg','211010553_karim Mohsen',0.9978849291801453,'211010553_karim Mohsen',0.9999958276748657,'211010553_karim Mohsen',0.9998998641967773,'211010553_karim Mohsen',NULL,'0',6,118,'1'),('2',285,'[649, 372, 59, 71]',0.9999943971633911,'D:\\1- ws.projects\\medface.webapp\\media/runs\\3\\1\\2023-11-14\\1\\102\\371907709_316277017593100_3234929751648161227_n.jpg','/media/temp/211011261_Lougin Shady_okm47q9d.jpg','211011261_Lougin Shady',0.5583736896514893,'211011261_Lougin Shady',0.9999079704284668,'211011260_Janah Shady',0.9894856214523315,'211011261_Lougin Shady',NULL,'0',6,149,'1'),('2',286,'[1132, 1149, 88, 113]',0.9998416900634766,'D:\\1- ws.projects\\medface.webapp\\media/runs\\3\\1\\2023-11-14\\3\\607\\WhatsApp Image 2023-11-13 at 11.45.11 AM (2).jpeg','/media/temp/211010968_Youssef Ali_ty8rsri0.jpg','211010968_Youssef Ali',0.8340552449226379,'211010968_Youssef Ali',0.9928354620933533,'211008096_Omar Ossama',0.9999282360076904,'211010968_Youssef Ali',NULL,'0',7,132,'1'),('2',287,'[118, 977, 52, 59]',0.8962849974632263,'D:\\1- ws.projects\\medface.webapp\\media/runs\\3\\1\\2023-11-14\\3\\607\\WhatsApp Image 2023-11-13 at 11.45.11 AM (2).jpeg','/media/temp/211000784_Mohamed Ossama_4su5przn.jpg','212001377_Mohamed Hatem',0.07864387333393097,'211000072_Ahmed Agawany',0.17648406326770782,'211000784_Mohamed Ossama',0.8787238597869873,'211000784_Mohamed Ossama',NULL,'0',7,34,'1'),('2',288,'[730, 1029, 62, 76]',0.999703586101532,'D:\\1- ws.projects\\medface.webapp\\media/runs\\3\\1\\2023-11-14\\3\\607\\WhatsApp Image 2023-11-13 at 11.45.11 AM (2).jpeg','/media/temp/211003523_Ahmed Khamis_ez3atpxu.jpg','211011153_Ahmed Gabr',0.7868684530258179,'211003523_Ahmed Khamis',0.8712737560272217,'211003523_Ahmed Khamis',0.9640697240829468,'211003523_Ahmed Khamis',NULL,'0',7,87,'1'),('2',289,'[3000, 982, 64, 77]',0.9998078942298889,'D:\\1- ws.projects\\medface.webapp\\media/runs\\3\\1\\2023-11-14\\3\\607\\WhatsApp Image 2023-11-13 at 11.45.11 AM (2).jpeg','/media/temp/211011276_Abdallah Hisham_csavysfq.jpg','211011276_Abdallah Hisham',0.6529081463813782,'211011276_Abdallah Hisham',0.9957255125045776,'211011276_Abdallah Hisham',0.9999992847442627,'211011276_Abdallah Hisham',NULL,'0',7,151,'1'),('2',290,'[1682, 1094, 87, 109]',0.99314945936203,'D:\\1- ws.projects\\medface.webapp\\media/runs\\3\\1\\2023-11-14\\3\\607\\WhatsApp Image 2023-11-13 at 11.45.11 AM (2).jpeg','/media/temp/211001676_Kerolous Youssef_timhdrfq.jpg','211001676_Kerolous Youssef',0.6661397814750671,'211001676_Kerolous Youssef',0.9988679885864258,'211002997_Ahmed Attiah',1,'211001676_Kerolous Youssef',NULL,'0',7,50,'1'),('2',291,'[2087, 1147, 70, 83]',0.9996585845947266,'D:\\1- ws.projects\\medface.webapp\\media/runs\\3\\1\\2023-11-14\\3\\607\\WhatsApp Image 2023-11-13 at 11.45.11 AM (2).jpeg','/media/temp/211000539_Logyn Attify_78e0arw7.jpg','211000539_Logyn Attify',0.4530578851699829,'211000539_Logyn Attify',0.8800756335258484,'211000720_Ponsieh Samer',0.5923041105270386,'211000539_Logyn Attify',NULL,'0',7,21,'1'),('2',292,'[2095, 1030, 56, 69]',0.9998418092727661,'D:\\1- ws.projects\\medface.webapp\\media/runs\\3\\1\\2023-11-14\\3\\607\\WhatsApp Image 2023-11-13 at 11.45.11 AM (2).jpeg','/media/temp/211011070_Jana Ossama_56fe7zm0.jpg','211011070_Jana Ossama',0.960384726524353,'211011070_Jana Ossama',0.9845626950263977,'211011070_Jana Ossama',0.9999998807907104,'211011070_Jana Ossama',NULL,'0',7,137,'1'),('2',293,'[390, 1217, 111, 146]',0.9998561143875122,'D:\\1- ws.projects\\medface.webapp\\media/runs\\3\\1\\2023-11-14\\3\\607\\WhatsApp Image 2023-11-13 at 11.45.11 AM (2).jpeg','/media/temp/211000104_Menna Elswefy_enhajmri.jpg','211000104_Menna Elswefy',0.41479748487472534,'211000104_Menna Elswefy',0.5643301606178284,'211011070_Jana Ossama',0.993235170841217,'211000104_Menna Elswefy',NULL,'0',7,6,'1'),('2',294,'[1394, 1112, 90, 116]',0.9929303526878357,'D:\\1- ws.projects\\medface.webapp\\media/runs\\3\\1\\2023-11-14\\3\\607\\WhatsApp Image 2023-11-13 at 11.45.11 AM (2).jpeg','/media/temp/211000798_Fliopater Gadallah_qnmbb9b0.jpg','211000798_Fliopater Gadallah',0.6562599539756775,'211000798_Fliopater Gadallah',0.9441580176353455,'211003775_Ammar Yasser',0.9463648200035095,'211000798_Fliopater Gadallah',NULL,'0',7,36,'1'),('2',295,'[1719, 1219, 104, 127]',0.9997662901878357,'D:\\1- ws.projects\\medface.webapp\\media/runs\\3\\1\\2023-11-14\\3\\607\\WhatsApp Image 2023-11-13 at 11.45.11 AM (2).jpeg','/media/temp/211008767_Merna Nasser_r3w4we94.jpg','211008767_Merna Nasser',0.9992470741271973,'211008767_Merna Nasser',0.963830828666687,'211008767_Merna Nasser',0.9548456072807312,'211008767_Merna Nasser',NULL,'0',7,107,'1'),('2',296,'[68, 1067, 87, 97]',0.994928240776062,'D:\\1- ws.projects\\medface.webapp\\media/runs\\3\\1\\2023-11-14\\3\\607\\WhatsApp Image 2023-11-13 at 11.45.11 AM (2).jpeg','/media/temp/211000072_Ahmed Agawany_8us73eks.jpg','211000072_Ahmed Agawany',0.9101592302322388,'211000072_Ahmed Agawany',0.9278388023376465,'211000072_Ahmed Agawany',0.9986096620559692,'211000072_Ahmed Agawany',NULL,'0',7,4,'1'),('2',297,'[2425, 1253, 126, 157]',0.9999974966049194,'D:\\1- ws.projects\\medface.webapp\\media/runs\\3\\1\\2023-11-14\\3\\607\\WhatsApp Image 2023-11-13 at 11.45.11 AM (2).jpeg','/media/temp/211000809_Maryam Elsayed_pyoo0duw.jpg','211000809_Maryam Elsayed',0.8670068979263306,'211000809_Maryam Elsayed',0.5610989332199097,'211000718_Fredy Emad',0.9978012442588806,'211000809_Maryam Elsayed',NULL,'0',7,38,'1'),('2',298,'[2245, 1113, 72, 93]',0.9990111589431763,'D:\\1- ws.projects\\medface.webapp\\media/runs\\3\\1\\2023-11-14\\3\\607\\WhatsApp Image 2023-11-13 at 11.45.11 AM (2).jpeg','/media/temp/211001669_Mina Louise_0rbepowy.jpg','211001669_Mina Louise',0.9998456239700317,'211001669_Mina Louise',0.9864187836647034,'211001669_Mina Louise',0.873041033744812,'211001669_Mina Louise',NULL,'0',7,49,'1'),('2',299,'[3134, 1103, 69, 89]',0.9997672438621521,'D:\\1- ws.projects\\medface.webapp\\media/runs\\3\\1\\2023-11-14\\3\\607\\WhatsApp Image 2023-11-13 at 11.45.11 AM (2).jpeg','/media/temp/211011273_Shahd Roushdy_plb9d026.jpg','211011273_Shahd Roushdy',0.9628010392189026,'211011273_Shahd Roushdy',0.9812622666358948,'211010040_Zainab Ibrahim',0.9999871253967285,'211011273_Shahd Roushdy',NULL,'0',7,150,'1'),('2',300,'[3027, 1131, 103, 128]',0.9978733062744141,'D:\\1- ws.projects\\medface.webapp\\media/runs\\3\\1\\2023-11-14\\3\\607\\WhatsApp Image 2023-11-13 at 11.45.11 AM (2).jpeg','/media/temp/212001377_Mohamed Hatem_ihy100bk.jpg','212001377_Mohamed Hatem',0.999847412109375,'212001377_Mohamed Hatem',0.999990701675415,'212001377_Mohamed Hatem',1,'212001377_Mohamed Hatem',NULL,'0',7,166,'1'),('2',301,'[973, 1027, 81, 95]',0.9976319074630737,'D:\\1- ws.projects\\medface.webapp\\media/runs\\3\\1\\2023-11-14\\3\\607\\WhatsApp Image 2023-11-13 at 11.45.11 AM (2).jpeg','/media/temp/211002432_Youssef Sherif_4r5nlojj.jpg','211002432_Youssef Sherif',0.9911935925483704,'211002432_Youssef Sherif',0.9998990297317505,'211002432_Youssef Sherif',0.9932944178581238,'211002432_Youssef Sherif',NULL,'0',7,60,'1'),('2',302,'[1335, 1390, 249, 298]',0.9999028444290161,'D:\\1- ws.projects\\medface.webapp\\media/runs\\3\\1\\2023-11-14\\3\\607\\WhatsApp Image 2023-11-13 at 11.45.11 AM (2).jpeg','/media/temp/211011153_Ahmed Gabr_qfchhaht.jpg','211011153_Ahmed Gabr',0.9999545812606812,'211011153_Ahmed Gabr',0.9999672174453735,'211011153_Ahmed Gabr',1,'211011153_Ahmed Gabr',NULL,'0',7,142,'1'),('2',303,'[1926, 1157, 81, 107]',0.999760091304779,'D:\\1- ws.projects\\medface.webapp\\media/runs\\3\\1\\2023-11-14\\3\\607\\WhatsApp Image 2023-11-13 at 11.45.11 AM (2).jpeg','/media/temp/211000053_Rahaf Ibrahim_7o10jeqd.jpg','211000053_Rahaf Ibrahim',0.996968686580658,'211000053_Rahaf Ibrahim',0.992508590221405,'211000053_Rahaf Ibrahim',1,'211000053_Rahaf Ibrahim',NULL,'0',7,3,'1'),('2',304,'[579, 1035, 51, 63]',0.981550931930542,'D:\\1- ws.projects\\medface.webapp\\media/runs\\3\\1\\2023-11-14\\3\\607\\WhatsApp Image 2023-11-13 at 11.45.11 AM (2).jpeg','/media/temp/211010973_Zina Fayez_oldugi3s.jpg','211010973_Zina Fayez',0.7472684979438782,'211010973_Zina Fayez',0.942111074924469,'211002717_Heba Hammam',0.9255614876747131,'211010973_Zina Fayez',NULL,'0',7,133,'1'),('2',305,'[2186, 1032, 54, 73]',0.9997788071632385,'D:\\1- ws.projects\\medface.webapp\\media/runs\\3\\1\\2023-11-14\\3\\607\\WhatsApp Image 2023-11-13 at 11.45.11 AM (2).jpeg','/media/temp/211003737_Manar Shahin_0plbm1ie.jpg','211003737_Manar Shahin',0.9991747736930847,'211003737_Manar Shahin',0.9954060316085815,'211003737_Manar Shahin',1,'211003737_Manar Shahin',NULL,'0',7,95,'1'),('2',306,'[2787, 1140, 117, 155]',0.9973477125167847,'D:\\1- ws.projects\\medface.webapp\\media/runs\\3\\1\\2023-11-14\\3\\607\\WhatsApp Image 2023-11-13 at 11.45.11 AM (2).jpeg','/media/temp/231001961_Amr Hablas_3ye3bup9.jpg','231001961_Amr Hablas',0.977434515953064,'231001961_Amr Hablas',0.9999892711639404,'231001961_Amr Hablas',0.6500244140625,'231001961_Amr Hablas',NULL,'0',7,169,'1'),('2',307,'[1207, 1050, 69, 91]',0.9997909665107727,'D:\\1- ws.projects\\medface.webapp\\media/runs\\3\\1\\2023-11-14\\3\\607\\WhatsApp Image 2023-11-13 at 11.45.11 AM (2).jpeg','/media/temp/211000548_Hazim Mostafa_qyx4dukh.jpg','211000548_Hazim Mostafa',0.9983481168746948,'211000548_Hazim Mostafa',0.9823387265205383,'211000784_Mohamed Ossama',0.7064055800437927,'211000548_Hazim Mostafa',NULL,'0',7,23,'1'),('2',308,'[2616, 1056, 77, 95]',0.9992474317550659,'D:\\1- ws.projects\\medface.webapp\\media/runs\\3\\1\\2023-11-14\\3\\607\\WhatsApp Image 2023-11-13 at 11.45.11 AM (2).jpeg','/media/temp/212001278_Hamza Tawfik_30azy2qz.jpg','211002656_Nabil Oraby',0.24310307204723358,'212001278_Hamza Tawfik',0.9947644472122192,'211011152_Abdelrahman Ashour',0.528616189956665,'212001278_Hamza Tawfik',NULL,'0',7,165,'1'),('2',309,'[869, 1139, 99, 122]',0.9988483190536499,'D:\\1- ws.projects\\medface.webapp\\media/runs\\3\\1\\2023-11-14\\3\\607\\WhatsApp Image 2023-11-13 at 11.45.11 AM (2).jpeg','/media/temp/211003497_Abdel Rahman Hegazy_bx53eoq6.jpg','211010329_Antony Mamdouh',0.47810861468315125,'211003497_Abdel Rahman Hegazy',0.8074076771736145,'211003042_Mahmoud Ossama',0.6191748380661011,'211003497_Abdel Rahman Hegazy',NULL,'0',7,86,'1'),('2',310,'[1328, 493, 52, 59]',0.999957799911499,'D:\\1- ws.projects\\medface.webapp\\media/runs\\3\\1\\2023-11-14\\3\\607\\371913131_316277014259767_3672668650009505503_n.jpg','/media/temp/211010553_karim Mohsen_18if0y80.jpg','211010553_karim Mohsen',0.9842631220817566,'211010553_karim Mohsen',0.9999730587005615,'211010553_karim Mohsen',0.9822686910629272,'211010553_karim Mohsen',NULL,'0',7,118,'1'),('5',353,'[373, 614, 70, 86]',0.9999698400497437,'D:\\1- ws.projects\\medface.webapp\\media/runs\\3\\1\\2023-11-18\\2\\607\\371907709_316277017593100_3234929751648161227_n.jpg','','212001377_Mohamed Hatem',0.9999520778656006,'212001377_Mohamed Hatem',0.9999945163726807,'212001377_Mohamed Hatem',1,'212001377_Mohamed Hatem',NULL,'0',8,166,'1'),('5',356,'[363, 370, 62, 72]',0.9987035989761353,'D:\\1- ws.projects\\medface.webapp\\media/runs\\3\\1\\2023-11-18\\2\\607\\371907709_316277017593100_3234929751648161227_n.jpg','','211003660_Habiba Mohamed',0.999336302280426,'211003660_Habiba Mohamed',0.9999513626098633,'211003660_Habiba Mohamed',1,'211003660_Habiba Mohamed',NULL,'0',8,92,'1'),('4',357,'[2154, 1173, 95, 112]',0.9653609395027161,'D:\\1- ws.projects\\medface.webapp\\media/runs\\3\\1\\2023-11-14\\3\\102\\IMG-20231112-WA0006.jpg','/media/temp/211003470_Safa Alaa_f4mozxof.jpg','211003336_Sherihan Hassan',0.3369487524032593,'211003470_Safa Alaa',0.32884761691093445,'211003335_Abdallah Saied',0.9879531264305115,'211003335_Abdallah Saied','211003470_Safa Alaa','1',5,85,'1'),('4',358,'[747, 1124, 101, 127]',0.9999011754989624,'D:\\1- ws.projects\\medface.webapp\\media/runs\\3\\1\\2023-11-14\\3\\102\\IMG-20231112-WA0009.jpg','/media/temp/212001409_Enjy Emad_mh1z6l8h.jpg','211003336_Sherihan Hassan',0.43302929401397705,'212001409_Enjy Emad',0.7390700578689575,'211000151_Bassant Gamal Eldin',0.9988295435905457,'211000151_Bassant Gamal Eldin','212001409_Enjy Emad','1',5,167,'1'),('4',359,'[840, 755, 55, 60]',0.8670546412467957,'D:\\1- ws.projects\\medface.webapp\\media/runs\\3\\1\\2023-11-14\\3\\102\\IMG-20231112-WA0009.jpg','/media/temp/211000278_Belal Hany_i71aaqcn.jpg','211011032_Abdel Rahman Farid',0.17012424767017365,'211012090_Magda Mohamed',0.4768070876598358,'211000548_Hazim Mostafa',0.8466469645500183,'211000548_Hazim Mostafa','211000278_Belal Hany','1',5,12,'1'),('5',444,'[1394, 1112, 90, 116]',0.9929303526878357,'D:\\1- ws.projects\\medface.webapp\\media/runs\\3\\1\\2023-11-18\\2\\607\\WhatsApp Image 2023-11-13 at 11.45.11 AM (2).jpeg','','211000798_Fliopater Gadallah',0.6558197736740112,'211000798_Fliopater Gadallah',0.9441266655921936,'211003775_Ammar Yasser',0.9464167952537537,'211000798_Fliopater Gadallah',NULL,'0',8,36,'1'),('5',445,'[973, 1027, 81, 95]',0.9976319074630737,'D:\\1- ws.projects\\medface.webapp\\media/runs\\3\\1\\2023-11-18\\2\\607\\WhatsApp Image 2023-11-13 at 11.45.11 AM (2).jpeg','','211002432_Youssef Sherif',0.9911961555480957,'211002432_Youssef Sherif',0.9998987913131714,'211002432_Youssef Sherif',0.9932884573936462,'211002432_Youssef Sherif',NULL,'0',8,60,'1'),('5',446,'[1335, 1390, 249, 298]',0.9999028444290161,'D:\\1- ws.projects\\medface.webapp\\media/runs\\3\\1\\2023-11-18\\2\\607\\WhatsApp Image 2023-11-13 at 11.45.11 AM (2).jpeg','','211011153_Ahmed Gabr',0.9999544620513916,'211011153_Ahmed Gabr',0.9999672174453735,'211011153_Ahmed Gabr',1,'211011153_Ahmed Gabr',NULL,'0',8,142,'1'),('5',447,'[3134, 1103, 69, 89]',0.9997672438621521,'D:\\1- ws.projects\\medface.webapp\\media/runs\\3\\1\\2023-11-18\\2\\607\\WhatsApp Image 2023-11-13 at 11.45.11 AM (2).jpeg','','211011273_Shahd Roushdy',0.9627421498298645,'211011273_Shahd Roushdy',0.9812127947807312,'211010040_Zainab Ibrahim',0.9999871253967285,'211011273_Shahd Roushdy',NULL,'0',8,150,'1'),('5',448,'[832, 955, 52, 64]',0.9969015121459961,'D:\\1- ws.projects\\medface.webapp\\media/runs\\3\\1\\2023-11-18\\2\\607\\WhatsApp Image 2023-11-13 at 11.45.12 AM.jpeg','','211001921_Maya Abdo',0.1394827514886856,'211001921_Maya Abdo',0.815325140953064,'211008096_Omar Ossama',0.8222241401672363,'211001921_Maya Abdo',NULL,'0',8,54,'1'),('5',449,'[3552, 1031, 77, 96]',0.9921585321426392,'D:\\1- ws.projects\\medface.webapp\\media/runs\\3\\1\\2023-11-18\\2\\607\\WhatsApp Image 2023-11-13 at 11.45.12 AM.jpeg','','211000266_Aya Hisham',0.972730278968811,'211010638_Mohamed Nazieh',0.7319962382316589,'211000072_Ahmed Agawany',0.7588462829589844,'211000266_Aya Hisham',NULL,'0',8,11,'1'),('5',450,'[1256, 1214, 139, 181]',0.9992817044258118,'D:\\1- ws.projects\\medface.webapp\\media/runs\\3\\1\\2023-11-18\\2\\607\\WhatsApp Image 2023-11-13 at 11.45.12 AM.jpeg','','211003023_Jannah Walid',0.9966710209846497,'211003023_Jannah Walid',0.9998960494995117,'211003023_Jannah Walid',0.9904480576515198,'211003023_Jannah Walid',NULL,'0',8,76,'1'),('5',451,'[2095, 1030, 56, 69]',0.9998418092727661,'D:\\1- ws.projects\\medface.webapp\\media/runs\\3\\1\\2023-11-18\\2\\607\\WhatsApp Image 2023-11-13 at 11.45.11 AM (2).jpeg','','211011070_Jana Ossama',0.9605311751365662,'211011070_Jana Ossama',0.9845592379570007,'211011070_Jana Ossama',0.9999998807907104,'211011070_Jana Ossama',NULL,'0',8,137,'1'),('5',452,'[2245, 1113, 72, 93]',0.9990111589431763,'D:\\1- ws.projects\\medface.webapp\\media/runs\\3\\1\\2023-11-18\\2\\607\\WhatsApp Image 2023-11-13 at 11.45.11 AM (2).jpeg','','211001669_Mina Louise',0.9998456239700317,'211001669_Mina Louise',0.9863809943199158,'211001669_Mina Louise',0.8730307221412659,'211001669_Mina Louise',NULL,'0',8,49,'1'),('5',453,'[1774, 964, 50, 63]',0.9998480081558228,'D:\\1- ws.projects\\medface.webapp\\media/runs\\3\\1\\2023-11-18\\2\\607\\WhatsApp Image 2023-11-13 at 11.45.12 AM.jpeg','','211001927_Hanin Zahran',0.9939269423484802,'211001927_Hanin Zahran',0.982944667339325,'211000266_Aya Hisham',0.7578482627868652,'211001927_Hanin Zahran',NULL,'0',8,55,'1'),('5',454,'[925, 1128, 110, 146]',0.9940324425697327,'D:\\1- ws.projects\\medface.webapp\\media/runs\\3\\1\\2023-11-18\\2\\607\\WhatsApp Image 2023-11-13 at 11.45.12 AM.jpeg','','211011035_Abdelrahman Seddik',0.349313348531723,'211010968_Youssef Ali',0.9920117259025574,'211008096_Omar Ossama',0.9968656897544861,'211008096_Omar Ossama',NULL,'0',8,104,'1'),('5',455,'[897, 850, 105, 138]',0.9998979568481445,'D:\\1- ws.projects\\medface.webapp\\media/runs\\3\\1\\2023-11-18\\2\\607\\WhatsApp Image 2023-11-13 at 11.45.10 AM.jpeg','','211003768_Wesal Diyaa',0.959791362285614,'211003768_Wesal Diyaa',0.9413201212882996,'211002299_Zayneb Soliman',0.9045585989952087,'211003768_Wesal Diyaa',NULL,'0',8,98,'1'),('5',456,'[918, 690, 68, 82]',0.9999264478683472,'D:\\1- ws.projects\\medface.webapp\\media/runs\\3\\1\\2023-11-18\\2\\607\\WhatsApp Image 2023-11-13 at 11.45.10 AM.jpeg','','211003470_Safa Alaa',0.9468681812286377,'211003470_Safa Alaa',0.9880579710006714,'211000535_Hanaa Islam',0.8150728344917297,'211003470_Safa Alaa',NULL,'0',8,85,'1'),('5',457,'[1080, 740, 95, 118]',0.9997872710227966,'D:\\1- ws.projects\\medface.webapp\\media/runs\\3\\1\\2023-11-18\\2\\607\\WhatsApp Image 2023-11-13 at 11.45.10 AM.jpeg','','211000784_Mohamed Ossama',0.8911445140838623,'211000784_Mohamed Ossama',0.9998703002929688,'211000784_Mohamed Ossama',0.9992068409919739,'211000784_Mohamed Ossama',NULL,'0',8,34,'1'),('5',458,'[607, 821, 118, 147]',0.9990507960319519,'D:\\1- ws.projects\\medface.webapp\\media/runs\\3\\1\\2023-11-18\\2\\607\\WhatsApp Image 2023-11-13 at 11.45.10 AM.jpeg','','211003042_Mahmoud Ossama',0.9978963136672974,'211003042_Mahmoud Ossama',0.9941934943199158,'211003042_Mahmoud Ossama',1,'211003042_Mahmoud Ossama',NULL,'0',8,77,'1'),('5',459,'[1995, 740, 93, 123]',0.9999954700469971,'D:\\1- ws.projects\\medface.webapp\\media/runs\\3\\1\\2023-11-18\\2\\607\\WhatsApp Image 2023-11-13 at 11.45.10 AM.jpeg','','211000778_Abdel Rahman Wael',0.9905000329017639,'211000778_Abdel Rahman Wael',0.998530387878418,'211002299_Zayneb Soliman',0.5696902275085449,'211000778_Abdel Rahman Wael',NULL,'0',8,33,'1'),('5',460,'[3467, 1194, 237, 302]',0.9918860197067261,'D:\\1- ws.projects\\medface.webapp\\media/runs\\3\\1\\2023-11-18\\2\\607\\WhatsApp Image 2023-11-13 at 11.45.10 AM.jpeg','','211001676_Kerolous Youssef',0.268147736787796,'211001707_Karim Hashim',0.9408335089683533,'211000535_Hanaa Islam',0.959317147731781,'211000535_Hanaa Islam',NULL,'0',8,20,'1'),('5',461,'[494, 345, 52, 63]',0.9938598871231079,'D:\\1- ws.projects\\medface.webapp\\media/runs\\3\\1\\2023-11-18\\2\\607\\371907709_316277017593100_3234929751648161227_n.jpg','','211002591_Aliaa Hablas',0.9912858605384827,'211002591_Aliaa Hablas',0.9848575592041016,'211003737_Manar Shahin',1,'211002591_Aliaa Hablas','212001270_Lina Sameh','1',8,164,'1'),('5',462,'[2787, 1140, 117, 155]',0.9973477125167847,'D:\\1- ws.projects\\medface.webapp\\media/runs\\3\\1\\2023-11-18\\2\\607\\WhatsApp Image 2023-11-13 at 11.45.11 AM (2).jpeg','','231001961_Amr Hablas',0.9774510264396667,'231001961_Amr Hablas',0.9999892711639404,'231001961_Amr Hablas',0.6505421996116638,'231001961_Amr Hablas',NULL,'0',8,169,'1'),('5',463,'[1682, 1094, 87, 109]',0.99314945936203,'D:\\1- ws.projects\\medface.webapp\\media/runs\\3\\1\\2023-11-18\\2\\607\\WhatsApp Image 2023-11-13 at 11.45.11 AM (2).jpeg','','211001676_Kerolous Youssef',0.6663743853569031,'211001676_Kerolous Youssef',0.9988647699356079,'211002997_Ahmed Attiah',1,'211001676_Kerolous Youssef',NULL,'0',8,50,'1'),('5',464,'[579, 1035, 51, 63]',0.981550931930542,'D:\\1- ws.projects\\medface.webapp\\media/runs\\3\\1\\2023-11-18\\2\\607\\WhatsApp Image 2023-11-13 at 11.45.11 AM (2).jpeg','','211010973_Zina Fayez',0.7473620772361755,'211010973_Zina Fayez',0.9419358968734741,'211002717_Heba Hammam',0.9257094860076904,'211010973_Zina Fayez',NULL,'0',8,133,'1'),('5',465,'[1229, 347, 50, 62]',0.9939370155334473,'D:\\1- ws.projects\\medface.webapp\\media/runs\\3\\1\\2023-11-18\\2\\607\\371907709_316277017593100_3234929751648161227_n.jpg','','211000007_Maryam Tamer',0.9912041425704956,'211000007_Maryam Tamer',0.9590113162994385,'211003737_Manar Shahin',0.9963822364807129,'211000007_Maryam Tamer',NULL,'0',8,2,'1'),('5',466,'[563, 606, 72, 89]',0.9998250603675842,'D:\\1- ws.projects\\medface.webapp\\media/runs\\3\\1\\2023-11-18\\2\\607\\371907709_316277017593100_3234929751648161227_n.jpg','','211008759_Sief Atta',0.999660849571228,'211008759_Sief Atta',0.9944273233413696,'211008759_Sief Atta',1,'211008759_Sief Atta',NULL,'0',8,106,'1'),('5',467,'[757, 379, 51, 62]',0.998671293258667,'D:\\1- ws.projects\\medface.webapp\\media/runs\\3\\1\\2023-11-18\\2\\607\\371907709_316277017593100_3234929751648161227_n.jpg','','211008088_Rana Yasser',0.9996225833892822,'211008088_Rana Yasser',0.9198414087295532,'211003548_Janna Younis',0.8284009099006653,'211008088_Rana Yasser',NULL,'0',8,103,'1'),('5',468,'[494, 345, 52, 63]',0.9938598871231079,'D:\\1- ws.projects\\medface.webapp\\media/runs\\3\\1\\2023-11-18\\2\\607\\371907709_316277017593100_3234929751648161227_n.jpg','','211002591_Aliaa Hablas',0.9912858605384827,'211002591_Aliaa Hablas',0.9848575592041016,'211003737_Manar Shahin',1,'211002591_Aliaa Hablas',NULL,'0',8,63,'1'),('5',469,'[775, 596, 70, 86]',0.999934196472168,'D:\\1- ws.projects\\medface.webapp\\media/runs\\3\\1\\2023-11-18\\2\\607\\371907709_316277017593100_3234929751648161227_n.jpg','','211011035_Abdelrahman Seddik',0.8397438526153564,'211002997_Ahmed Attiah',0.4909234344959259,'211011035_Abdelrahman Seddik',0.9998273849487305,'211011035_Abdelrahman Seddik',NULL,'0',8,135,'1'),('2',470,'[1328, 493, 52, 59]',0.999957799911499,'D:\\1- ws.projects\\medface.webapp\\media/runs\\3\\1\\2023-11-18\\2\\607\\371913131_316277014259767_3672668650009505503_n.jpg','','211010553_karim Mohsen',0.9842182397842407,'211010553_karim Mohsen',0.9999731779098511,'211010553_karim Mohsen',0.9822565913200378,'211010553_karim Mohsen',NULL,'0',8,118,'1'),('5',471,'[649, 372, 59, 71]',0.9999943971633911,'D:\\1- ws.projects\\medface.webapp\\media/runs\\3\\1\\2023-11-18\\2\\607\\371907709_316277017593100_3234929751648161227_n.jpg','','211011261_Lougin Shady',0.5588715076446533,'211011261_Lougin Shady',0.999907374382019,'211011260_Janah Shady',0.9894856214523315,'211011261_Lougin Shady',NULL,'0',8,149,'1'),('1',472,'',0,'','','',0,'',0,'',0,'','','0',8,22,'0'),('1',473,'',0,'','','',0,'',0,'',0,'','','0',8,42,'0'),('1',474,'',0,'','','',0,'',0,'',0,'','','0',8,52,'0'),('1',475,'',0,'','','',0,'',0,'',0,'','','0',8,65,'0'),('1',476,'',0,'','','',0,'',0,'',0,'','','0',8,90,'0'),('1',477,'',0,'','','',0,'',0,'',0,'','','0',8,100,'0'),('1',478,'',0,'','','',0,'',0,'',0,'','','0',8,117,'0'),('1',479,'',0,'','','',0,'',0,'',0,'','','0',8,145,'0'),('1',480,'',0,'','','',0,'',0,'',0,'','','0',8,157,'0'),('1',481,'',0,'','','',0,'',0,'',0,'','','0',8,14,'0'),('1',482,'',0,'','','',0,'',0,'',0,'','','0',8,32,'0'),('1',483,'',0,'','','',0,'',0,'',0,'','','0',8,35,'0'),('1',484,'',0,'','','',0,'',0,'',0,'','','0',8,64,'0'),('1',485,'',0,'','','',0,'',0,'',0,'','','0',8,97,'0'),('1',486,'',0,'','','',0,'',0,'',0,'','','0',8,101,'0'),('1',487,'',0,'','','',0,'',0,'',0,'','','0',8,148,'0'),('1',488,'',0,'','','',0,'',0,'',0,'','','0',8,167,'0'),('2',2001,'[2178, 1537, 157, 183]',0.9990177154541016,'D:\\1- ws.projects\\medface.webapp\\media/runs\\3\\1\\2023-11-20\\2\\001\\WhatsApp Image 2023-11-13 at 11.45.11 AM.jpeg','/media/temp/211000072_Ahmed Agawany_ebszbqe5.jpg','211000072_Ahmed Agawany',0.9970506429672241,'211000072_Ahmed Agawany',0.9999587535858154,'211000072_Ahmed Agawany',1,'211000072_Ahmed Agawany',NULL,'0',11,4,'1'),('5',2002,NULL,NULL,NULL,'',NULL,NULL,NULL,NULL,NULL,NULL,NULL,NULL,'0',11,5,'0'),('2',2003,'[687, 1574, 162, 216]',0.9999992847442627,'D:\\1- ws.projects\\medface.webapp\\media/runs\\3\\1\\2023-11-20\\2\\001\\WhatsApp Image 2023-11-13 at 11.45.11 AM.jpeg','/media/temp/211000712_Mazin Bahnasy__eqv4ceq.jpg','211000712_Mazin Bahnasy',0.5252268314361572,'211000712_Mazin Bahnasy',0.9956289529800415,'211000151_Bassant Gamal Eldin',0.3428688943386078,'211000712_Mazin Bahnasy',NULL,'0',11,28,'1'),('5',2004,NULL,NULL,NULL,'',NULL,NULL,NULL,NULL,NULL,NULL,NULL,NULL,'0',11,51,'0'),('2',2005,'[816, 1896, 283, 367]',0.9992873072624207,'D:\\1- ws.projects\\medface.webapp\\media/runs\\3\\1\\2023-11-20\\2\\001\\WhatsApp Image 2023-11-13 at 11.45.11 AM.jpeg','/media/temp/211003745_Ahmed Medhat_0_vs1vba.jpg','212001034_Mohamed Sabry',0.507630467414856,'211003745_Ahmed Medhat',0.9716244339942932,'211011152_Abdelrahman Ashour',0.9416592717170715,'211003745_Ahmed Medhat',NULL,'0',11,96,'1'),('5',2006,NULL,NULL,NULL,'',NULL,NULL,NULL,NULL,NULL,NULL,NULL,NULL,'0',11,113,'0'),('5',2007,NULL,NULL,NULL,'',NULL,NULL,NULL,NULL,NULL,NULL,NULL,NULL,'0',11,120,'0'),('5',2008,NULL,NULL,NULL,'',NULL,NULL,NULL,NULL,NULL,NULL,NULL,NULL,'0',11,127,'0'),('2',2009,'[1993, 946, 58, 75]',0.998637855052948,'D:\\1- ws.projects\\medface.webapp\\media/runs\\3\\1\\2023-11-20\\2\\001\\WhatsApp Image 2023-11-13 at 11.45.12 AM.jpeg','/media/temp/211010944_Kirollos William_u2imuwni.jpg','212000100_Adham Ahmed',0.25176802277565,'211010944_Kirollos William',0.9941510558128357,'211003775_Ammar Yasser',0.8896318078041077,'211010944_Kirollos William',NULL,'0',11,129,'1'),('2',2010,'[3236, 886, 74, 89]',0.9998598098754883,'D:\\1- ws.projects\\medface.webapp\\media/runs\\3\\1\\2023-11-20\\2\\001\\WhatsApp Image 2023-11-13 at 11.45.12 AM.jpeg','/media/temp/211011276_Abdallah Hisham_bu607w8u.jpg','211011276_Abdallah Hisham',0.7227699756622314,'211011276_Abdallah Hisham',0.9636363983154297,'211011276_Abdallah Hisham',1,'211011276_Abdallah Hisham',NULL,'0',11,151,'1'),('5',2011,NULL,NULL,NULL,'',NULL,NULL,NULL,NULL,NULL,NULL,NULL,NULL,'0',11,163,'0'),('2',2012,'[2145, 1110, 90, 120]',0.9997512698173523,'D:\\1- ws.projects\\medface.webapp\\media/runs\\3\\1\\2023-11-20\\2\\001\\WhatsApp Image 2023-11-13 at 11.45.12 AM.jpeg','/media/temp/211000539_Logyn Attify_9_aqu345.jpg','211000539_Logyn Attify',0.9388940334320068,'211000539_Logyn Attify',0.9856570959091187,'211002119_Nada Ashoush',0.7376438975334167,'211000539_Logyn Attify',NULL,'0',11,21,'1'),('5',2013,NULL,NULL,NULL,'',NULL,NULL,NULL,NULL,NULL,NULL,NULL,NULL,'0',11,26,'0'),('5',2014,NULL,NULL,NULL,'',NULL,NULL,NULL,NULL,NULL,NULL,NULL,NULL,'0',11,27,'0'),('5',2015,NULL,NULL,NULL,'',NULL,NULL,NULL,NULL,NULL,NULL,NULL,NULL,'0',11,31,'0'),('2',2016,'[2595, 1514, 165, 209]',0.9999916553497314,'D:\\1- ws.projects\\medface.webapp\\media/runs\\3\\1\\2023-11-20\\2\\001\\IMG-20231112-WA0008.jpg','/media/temp/211000809_Maryam Elsayed_72xw5xhv.jpg','211000809_Maryam Elsayed',0.8397575616836548,'211000809_Maryam Elsayed',0.9995949864387512,'211000809_Maryam Elsayed',0.9994770884513855,'211000809_Maryam Elsayed',NULL,'0',11,38,'1'),('2',2017,'[1258, 1400, 120, 147]',0.9999955892562866,'D:\\1- ws.projects\\medface.webapp\\media/runs\\3\\1\\2023-11-20\\2\\001\\WhatsApp Image 2023-11-13 at 11.45.11 AM.jpeg','/media/temp/211002262_Yousef Imam_jhjfp_bp.jpg','211002262_Yousef Imam',0.9999446868896484,'211002262_Yousef Imam',0.9996974468231201,'211002262_Yousef Imam',1,'211002262_Yousef Imam',NULL,'0',11,57,'1'),('5',2018,NULL,NULL,NULL,'',NULL,NULL,NULL,NULL,NULL,NULL,NULL,NULL,'0',11,78,'0'),('2',2019,'[3451, 1494, 128, 157]',0.9998749494552612,'D:\\1- ws.projects\\medface.webapp\\media/runs\\3\\1\\2023-11-20\\2\\001\\WhatsApp Image 2023-11-13 at 11.45.11 AM.jpeg','/media/temp/211003523_Ahmed Khamis_snqsi9f8.jpg','211003523_Ahmed Khamis',0.9626689553260803,'211003523_Ahmed Khamis',0.8560154438018799,'211003523_Ahmed Khamis',0.9999990463256836,'211003523_Ahmed Khamis',NULL,'0',11,87,'1'),('2',2020,'[1651, 1211, 121, 146]',0.9999654293060303,'D:\\1- ws.projects\\medface.webapp\\media/runs\\3\\1\\2023-11-20\\2\\001\\WhatsApp Image 2023-11-13 at 11.45.12 AM.jpeg','/media/temp/211008767_Merna Nasser_a0ibl8wf.jpg','211008767_Merna Nasser',0.9994737505912781,'211008767_Merna Nasser',0.9667462706565857,'211011152_Abdelrahman Ashour',0.7041928172111511,'211008767_Merna Nasser',NULL,'0',11,107,'1'),('5',2021,NULL,NULL,NULL,'',NULL,NULL,NULL,NULL,NULL,NULL,NULL,NULL,'0',11,132,'0'),('5',2022,NULL,NULL,NULL,'',NULL,NULL,NULL,NULL,NULL,NULL,NULL,NULL,'0',11,154,'1'),('2',2023,'[3179, 1394, 97, 121]',0.9817842245101929,'D:\\1- ws.projects\\medface.webapp\\media/runs\\3\\1\\2023-11-20\\2\\001\\WhatsApp Image 2023-11-13 at 11.45.11 AM.jpeg','/media/temp/212001107_Islam Alaa Eldin_m_qt7s4y.jpg','212001107_Islam Alaa Eldin',0.5619644522666931,'212001107_Islam Alaa Eldin',0.3755728006362915,'211000784_Mohamed Ossama',0.982853889465332,'212001107_Islam Alaa Eldin',NULL,'0',11,159,'1'),('2',2024,'[1909, 1120, 101, 136]',0.9882029891014099,'D:\\1- ws.projects\\medface.webapp\\media/runs\\3\\1\\2023-11-20\\2\\001\\WhatsApp Image 2023-11-13 at 11.45.12 AM.jpeg','/media/temp/211000053_Rahaf Ibrahim_qoihjfcg.jpg','211000053_Rahaf Ibrahim',0.9916747212409973,'211000053_Rahaf Ibrahim',0.9940051436424255,'211000053_Rahaf Ibrahim',0.9999998807907104,'211000053_Rahaf Ibrahim',NULL,'0',11,3,'1'),('2',2025,'[1001, 1005, 86, 115]',0.9992325305938721,'D:\\1- ws.projects\\medface.webapp\\media/runs\\3\\1\\2023-11-20\\2\\001\\WhatsApp Image 2023-11-13 at 11.45.12 AM.jpeg','/media/temp/211000548_Hazim Mostafa_0q25eauu.jpg','211000548_Hazim Mostafa',0.9971044659614563,'211000548_Hazim Mostafa',0.6818233132362366,'211000548_Hazim Mostafa',0.9997650980949402,'211000548_Hazim Mostafa',NULL,'0',11,23,'1'),('2',2026,'[2840, 1478, 156, 192]',0.9997239708900452,'D:\\1- ws.projects\\medface.webapp\\media/runs\\3\\1\\2023-11-20\\2\\001\\WhatsApp Image 2023-11-13 at 11.45.11 AM.jpeg','/media/temp/211000800_Karim Elsamadisy_hqodgiy3.jpg','211000800_Karim Elsamadisy',0.9968484044075012,'211000800_Karim Elsamadisy',0.9999916553497314,'211000800_Karim Elsamadisy',1,'211000800_Karim Elsamadisy',NULL,'0',11,37,'1'),('5',2027,NULL,NULL,NULL,'',NULL,NULL,NULL,NULL,NULL,NULL,NULL,NULL,'0',11,62,'4'),('5',2028,NULL,NULL,NULL,'',NULL,NULL,NULL,NULL,NULL,NULL,NULL,NULL,'0',11,71,'0'),('2',2029,'[386, 1558, 165, 199]',0.9999914169311523,'D:\\1- ws.projects\\medface.webapp\\media/runs\\3\\1\\2023-11-20\\2\\001\\IMG-20231112-WA0008.jpg','/media/temp/211003497_Abdel Rahman Hegazy_q0r4uuht.jpg','211003523_Ahmed Khamis',0.8930653929710388,'211003497_Abdel Rahman Hegazy',0.5204609036445618,'211003497_Abdel Rahman Hegazy',0.9999914169311523,'211003497_Abdel Rahman Hegazy',NULL,'0',11,86,'1'),('2',2030,'[2221, 965, 63, 86]',0.9996914863586426,'D:\\1- ws.projects\\medface.webapp\\media/runs\\3\\1\\2023-11-20\\2\\001\\WhatsApp Image 2023-11-13 at 11.45.12 AM.jpeg','/media/temp/211003737_Manar Shahin_xjvnz2ip.jpg','211003737_Manar Shahin',0.9904323220252991,'211003737_Manar Shahin',0.5048137903213501,'211003737_Manar Shahin',1,'211003737_Manar Shahin',NULL,'0',11,95,'1'),('5',2031,NULL,NULL,NULL,'',NULL,NULL,NULL,NULL,NULL,NULL,NULL,NULL,'0',11,110,'0'),('5',2032,NULL,NULL,NULL,'',NULL,NULL,NULL,NULL,NULL,NULL,NULL,NULL,'0',11,122,'0'),('5',2033,NULL,NULL,NULL,'',NULL,NULL,NULL,NULL,NULL,NULL,NULL,NULL,'0',11,131,'3'),('2',2034,'[2757, 984, 97, 123]',0.9983131885528564,'D:\\1- ws.projects\\medface.webapp\\media/runs\\3\\1\\2023-11-20\\2\\001\\WhatsApp Image 2023-11-13 at 11.45.12 AM.jpeg','/media/temp/212001278_Hamza Tawfik_t5ssi0bo.jpg','211002656_Nabil Oraby',0.5393761992454529,'212001278_Hamza Tawfik',0.9881592988967896,'212001131_Ahmed El ashry',0.9140287041664124,'212001278_Hamza Tawfik',NULL,'0',11,165,'1'),('2',2035,'[2789, 1879, 236, 317]',0.9998557567596436,'D:\\1- ws.projects\\medface.webapp\\media/runs\\3\\1\\2023-11-20\\2\\001\\WhatsApp Image 2023-11-13 at 11.45.11 AM.jpeg','/media/temp/211000104_Menna Elswefy_n49evbjt.jpg','211000104_Menna Elswefy',0.4380149245262146,'211000104_Menna Elswefy',0.8859909176826477,'211000720_Ponsieh Samer',0.9946449995040894,'211000104_Menna Elswefy',NULL,'0',11,6,'1'),('2',2036,'[1457, 1567, 169, 207]',0.9999591112136841,'D:\\1- ws.projects\\medface.webapp\\media/runs\\3\\1\\2023-11-20\\2\\001\\WhatsApp Image 2023-11-13 at 11.45.11 AM.jpeg','/media/temp/211000137_Marwan Elkordy_cqqmm82_.jpg','211000137_Marwan Elkordy',0.4291781485080719,'211000137_Marwan Elkordy',0.996567964553833,'211003497_Abdel Rahman Hegazy',0.52604740858078,'211000137_Marwan Elkordy',NULL,'0',11,8,'1'),('5',2037,NULL,NULL,NULL,'',NULL,NULL,NULL,NULL,NULL,NULL,NULL,NULL,'0',11,29,'0'),('5',2038,'[678, 1205, 89, 119]',0.9704781174659729,'D:\\1- ws.projects\\medface.webapp\\media/runs\\3\\1\\2023-11-20\\2\\001\\IMG-20231112-WA0008.jpg','','211000869_Walid Bahlol',0.3220925033092499,'211001167_Mostafa Ashraf',0.5813672542572021,'211000784_Mohamed Ossama',0.8856963515281677,'211000869_Walid Bahlol',NULL,'0',11,41,'1'),('5',2039,NULL,NULL,NULL,'',NULL,NULL,NULL,NULL,NULL,NULL,NULL,NULL,'0',11,68,'0'),('2',2040,'[1031, 1442, 156, 195]',0.9998650550842285,'D:\\1- ws.projects\\medface.webapp\\media/runs\\3\\1\\2023-11-20\\2\\001\\WhatsApp Image 2023-11-13 at 11.45.11 AM.jpeg','/media/temp/211010161_Salah Koriem_f0lj1tik.jpg','211010161_Salah Koriem',0.9975765347480774,'211010161_Salah Koriem',0.9994045495986938,'211010161_Salah Koriem',0.9998815059661865,'211010161_Salah Koriem',NULL,'0',11,115,'1'),('5',2041,'[584, 1120, 129, 158]',0.9991685152053833,'D:\\1- ws.projects\\medface.webapp\\media/runs\\3\\1\\2023-11-20\\2\\001\\WhatsApp Image 2023-11-13 at 11.45.12 AM.jpeg','','211010329_Antony Mamdouh',0.546055793762207,'211003211_Youssef Tantawy',0.3837127089500427,'211003497_Abdel Rahman Hegazy',0.6013278961181641,'211010329_Antony Mamdouh',NULL,'0',11,116,'1'),('2',2042,'[2643, 1513, 95, 117]',0.9997326731681824,'D:\\1- ws.projects\\medface.webapp\\media/runs\\3\\1\\2023-11-20\\2\\001\\WhatsApp Image 2023-11-13 at 11.45.11 AM.jpeg','/media/temp/211010773_Ashrakat Hussien_7u2wqm_f.jpg','211010773_Ashrakat Hussien',0.9965968728065491,'211001167_Mostafa Ashraf',0.7851353287696838,'211002785_Amal Arafa',0.789374589920044,'211010773_Ashrakat Hussien',NULL,'0',11,125,'1'),('5',2043,NULL,NULL,NULL,'',NULL,NULL,NULL,NULL,NULL,NULL,NULL,NULL,'0',11,143,'0'),('2',2044,'[2664, 1191, 133, 172]',0.9996684789657593,'D:\\1- ws.projects\\medface.webapp\\media/runs\\3\\1\\2023-11-20\\2\\001\\WhatsApp Image 2023-11-13 at 11.45.12 AM.jpeg','/media/temp/211011237_Reeman Elsayed_or1ncbs9.jpg','211011237_Reeman Elsayed',0.9995889067649841,'211011237_Reeman Elsayed',0.9970921277999878,'212001112_Maryam Hammam',0.7391330003738403,'211011237_Reeman Elsayed',NULL,'0',11,147,'1'),('2',2045,'[3666, 1377, 80, 97]',0.9955386519432068,'D:\\1- ws.projects\\medface.webapp\\media/runs\\3\\1\\2023-11-20\\2\\001\\WhatsApp Image 2023-11-13 at 11.45.11 AM.jpeg','/media/temp/212001215_Sara Alaa__3vc7km5.jpg','211001927_Hanin Zahran',0.11569404602050781,'212001215_Sara Alaa',0.7466259002685547,'211000784_Mohamed Ossama',0.3350740671157837,'212001215_Sara Alaa',NULL,'0',11,162,'1'),('2',2046,'[2906, 1129, 86, 107]',0.9980677962303162,'D:\\1- ws.projects\\medface.webapp\\media/runs\\3\\1\\2023-11-20\\2\\001\\IMG-20231112-WA0008.jpg','/media/temp/211000007_Maryam Tamer_4grqyqhg.jpg','211000007_Maryam Tamer',0.8065794706344604,'211000007_Maryam Tamer',0.812976598739624,'211000720_Ponsieh Samer',0.9105522036552429,'211000007_Maryam Tamer',NULL,'0',11,2,'1'),('5',2047,NULL,NULL,NULL,'',NULL,NULL,NULL,NULL,NULL,NULL,NULL,NULL,'0',11,22,'2'),('5',2048,NULL,NULL,NULL,'',NULL,NULL,NULL,NULL,NULL,NULL,NULL,NULL,'0',11,42,'2'),('5',2049,NULL,NULL,NULL,'',NULL,NULL,NULL,NULL,NULL,NULL,NULL,NULL,'0',11,52,'1'),('2',2050,'[3228, 1980, 206, 261]',0.9987309575080872,'D:\\1- ws.projects\\medface.webapp\\media/runs\\3\\1\\2023-11-20\\2\\001\\IMG-20231112-WA0008.jpg','/media/temp/211002591_Aliaa Hablas_x6xy12y0.jpg','211002591_Aliaa Hablas',0.9383235573768616,'211002591_Aliaa Hablas',0.988838791847229,'211003737_Manar Shahin',0.731412410736084,'211002591_Aliaa Hablas',NULL,'0',11,63,'1'),('5',2051,NULL,NULL,NULL,'',NULL,NULL,NULL,NULL,NULL,NULL,NULL,NULL,'0',11,65,'1'),('5',2052,NULL,NULL,NULL,'',NULL,NULL,NULL,NULL,NULL,NULL,NULL,NULL,'0',11,90,'0'),('2',2053,'[3049, 1153, 105, 134]',0.999955415725708,'D:\\1- ws.projects\\medface.webapp\\media/runs\\3\\1\\2023-11-20\\2\\001\\IMG-20231112-WA0008.jpg','/media/temp/211003889_Mahmoud Yehia_2902plu3.jpg','211003889_Mahmoud Yehia',0.9898052215576172,'211003889_Mahmoud Yehia',0.9981915354728699,'211003889_Mahmoud Yehia',1,'211003889_Mahmoud Yehia',NULL,'0',11,100,'1'),('5',2054,NULL,NULL,NULL,'',NULL,NULL,NULL,NULL,NULL,NULL,NULL,NULL,'0',11,117,'0'),('2',2055,'[178, 1315, 158, 183]',0.9999604225158691,'D:\\1- ws.projects\\medface.webapp\\media/runs\\3\\1\\2023-11-20\\2\\001\\IMG-20231112-WA0008.jpg','/media/temp/211011222_Omar El Dakkak__oa7odzr.jpg','211011222_Omar El Dakkak',0.9985529780387878,'211011222_Omar El Dakkak',0.667300820350647,'211011222_Omar El Dakkak',0.9999970197677612,'211011222_Omar El Dakkak',NULL,'0',11,145,'1'),('5',2056,NULL,NULL,NULL,'',NULL,NULL,NULL,NULL,NULL,NULL,NULL,NULL,'0',11,157,'1'),('5',2057,NULL,NULL,NULL,'',NULL,NULL,NULL,NULL,NULL,NULL,NULL,NULL,'0',11,148,'1'),('5',2059,NULL,NULL,NULL,'',NULL,NULL,NULL,NULL,NULL,NULL,NULL,NULL,'0',7,2,'0'),('5',2060,NULL,NULL,NULL,'',NULL,NULL,NULL,NULL,NULL,NULL,NULL,NULL,'0',7,22,'0'),('5',2061,NULL,NULL,NULL,'',NULL,NULL,NULL,NULL,NULL,NULL,NULL,NULL,'0',7,42,'0'),('5',2062,NULL,NULL,NULL,'',NULL,NULL,NULL,NULL,NULL,NULL,NULL,NULL,'0',7,52,'0'),('5',2063,NULL,NULL,NULL,'',NULL,NULL,NULL,NULL,NULL,NULL,NULL,NULL,'0',7,63,'0'),('5',2064,NULL,NULL,NULL,'',NULL,NULL,NULL,NULL,NULL,NULL,NULL,NULL,'0',7,65,'0'),('5',2065,NULL,NULL,NULL,'',NULL,NULL,NULL,NULL,NULL,NULL,NULL,NULL,'0',7,90,'0'),('5',2066,NULL,NULL,NULL,'',NULL,NULL,NULL,NULL,NULL,NULL,NULL,NULL,'0',7,100,'0'),('5',2067,NULL,NULL,NULL,'',NULL,NULL,NULL,NULL,NULL,NULL,NULL,NULL,'0',7,117,'0'),('5',2068,NULL,NULL,NULL,'',NULL,NULL,NULL,NULL,NULL,NULL,NULL,NULL,'0',7,145,'0'),('5',2069,NULL,NULL,NULL,'',NULL,NULL,NULL,NULL,NULL,NULL,NULL,NULL,'0',7,157,'0'),('5',2070,NULL,NULL,NULL,'',NULL,NULL,NULL,NULL,NULL,NULL,NULL,NULL,'0',7,14,'0'),('5',2071,NULL,NULL,NULL,'',NULL,NULL,NULL,NULL,NULL,NULL,NULL,NULL,'0',7,32,'0'),('5',2072,NULL,NULL,NULL,'',NULL,NULL,NULL,NULL,NULL,NULL,NULL,NULL,'0',7,35,'0'),('5',2073,NULL,NULL,NULL,'',NULL,NULL,NULL,NULL,NULL,NULL,NULL,NULL,'0',7,64,'0'),('5',2074,NULL,NULL,NULL,'',NULL,NULL,NULL,NULL,NULL,NULL,NULL,NULL,'0',7,97,'0'),('5',2075,NULL,NULL,NULL,'',NULL,NULL,NULL,NULL,NULL,NULL,NULL,NULL,'0',7,101,'0'),('5',2076,NULL,NULL,NULL,'',NULL,NULL,NULL,NULL,NULL,NULL,NULL,NULL,'0',7,103,'0'),('5',2077,NULL,NULL,NULL,'',NULL,NULL,NULL,NULL,NULL,NULL,NULL,NULL,'0',7,148,'0'),('5',2078,NULL,NULL,NULL,'',NULL,NULL,NULL,NULL,NULL,NULL,NULL,NULL,'0',7,149,'0'),('5',2079,NULL,NULL,NULL,'',NULL,NULL,NULL,NULL,NULL,NULL,NULL,NULL,'0',7,167,'0'),('5',2080,NULL,NULL,NULL,'',NULL,NULL,NULL,NULL,NULL,NULL,NULL,NULL,'0',7,1,'0'),('5',2081,NULL,NULL,NULL,'',NULL,NULL,NULL,NULL,NULL,NULL,NULL,NULL,'0',7,39,'0'),('5',2082,NULL,NULL,NULL,'',NULL,NULL,NULL,NULL,NULL,NULL,NULL,NULL,'0',7,43,'0'),('5',2083,NULL,NULL,NULL,'',NULL,NULL,NULL,NULL,NULL,NULL,NULL,NULL,'0',7,58,'0'),('5',2084,NULL,NULL,NULL,'',NULL,NULL,NULL,NULL,NULL,NULL,NULL,NULL,'0',7,69,'0'),('5',2085,NULL,NULL,NULL,'',NULL,NULL,NULL,NULL,NULL,NULL,NULL,NULL,'0',7,79,'0'),('5',2086,NULL,NULL,NULL,'',NULL,NULL,NULL,NULL,NULL,NULL,NULL,NULL,'0',7,89,'0'),('5',2087,NULL,NULL,NULL,'',NULL,NULL,NULL,NULL,NULL,NULL,NULL,NULL,'0',7,106,'0'),('5',2088,NULL,NULL,NULL,'',NULL,NULL,NULL,NULL,NULL,NULL,NULL,NULL,'0',7,112,'0'),('5',2089,NULL,NULL,NULL,'',NULL,NULL,NULL,NULL,NULL,NULL,NULL,NULL,'0',7,158,'0'),('5',2090,NULL,NULL,NULL,'',NULL,NULL,NULL,NULL,NULL,NULL,NULL,NULL,'0',7,18,'0'),('5',2091,NULL,NULL,NULL,'',NULL,NULL,NULL,NULL,NULL,NULL,NULL,NULL,'0',7,40,'0'),('5',2092,NULL,NULL,NULL,'',NULL,NULL,NULL,NULL,NULL,NULL,NULL,NULL,'0',7,47,'0'),('5',2093,NULL,NULL,NULL,'',NULL,NULL,NULL,NULL,NULL,NULL,NULL,NULL,'0',7,48,'0'),('5',2094,NULL,NULL,NULL,'',NULL,NULL,NULL,NULL,NULL,NULL,NULL,NULL,'0',7,53,'0'),('5',2095,NULL,NULL,NULL,'',NULL,NULL,NULL,NULL,NULL,NULL,NULL,NULL,'0',7,61,'0'),('5',2096,NULL,NULL,NULL,'',NULL,NULL,NULL,NULL,NULL,NULL,NULL,NULL,'0',7,80,'0'),('5',2097,NULL,NULL,NULL,'',NULL,NULL,NULL,NULL,NULL,NULL,NULL,NULL,'0',7,94,'0'),('5',2098,NULL,NULL,NULL,'',NULL,NULL,NULL,NULL,NULL,NULL,NULL,NULL,'0',7,114,'0'),('5',2099,NULL,NULL,NULL,'',NULL,NULL,NULL,NULL,NULL,NULL,NULL,NULL,'0',7,130,'0'),('5',2100,NULL,NULL,NULL,'',NULL,NULL,NULL,NULL,NULL,NULL,NULL,NULL,'0',7,152,'0'),('5',2101,NULL,NULL,NULL,'',NULL,NULL,NULL,NULL,NULL,NULL,NULL,NULL,'0',7,7,'0'),('5',2102,NULL,NULL,NULL,'',NULL,NULL,NULL,NULL,NULL,NULL,NULL,NULL,'0',7,16,'0'),('5',2103,NULL,NULL,NULL,'',NULL,NULL,NULL,NULL,NULL,NULL,NULL,NULL,'0',7,72,'0'),('5',2104,NULL,NULL,NULL,'',NULL,NULL,NULL,NULL,NULL,NULL,NULL,NULL,'0',7,83,'0'),('5',2105,NULL,NULL,NULL,'',NULL,NULL,NULL,NULL,NULL,NULL,NULL,NULL,'0',7,105,'0'),('5',2106,NULL,NULL,NULL,'',NULL,NULL,NULL,NULL,NULL,NULL,NULL,NULL,'0',7,108,'0'),('5',2107,NULL,NULL,NULL,'',NULL,NULL,NULL,NULL,NULL,NULL,NULL,NULL,'0',7,109,'0'),('5',2108,NULL,NULL,NULL,'',NULL,NULL,NULL,NULL,NULL,NULL,NULL,NULL,'0',7,135,'0'),('5',2109,NULL,NULL,NULL,'',NULL,NULL,NULL,NULL,NULL,NULL,NULL,NULL,'0',7,138,'0'),('5',2110,NULL,NULL,NULL,'',NULL,NULL,NULL,NULL,NULL,NULL,NULL,NULL,'0',7,139,'0'),('5',2111,NULL,NULL,NULL,'',NULL,NULL,NULL,NULL,NULL,NULL,NULL,NULL,'0',7,24,'0'),('5',2112,NULL,NULL,NULL,'',NULL,NULL,NULL,NULL,NULL,NULL,NULL,NULL,'0',7,46,'0'),('5',2113,NULL,NULL,NULL,'',NULL,NULL,NULL,NULL,NULL,NULL,NULL,NULL,'0',7,66,'0'),('5',2114,NULL,NULL,NULL,'',NULL,NULL,NULL,NULL,NULL,NULL,NULL,NULL,'0',7,75,'0'),('5',2115,NULL,NULL,NULL,'',NULL,NULL,NULL,NULL,NULL,NULL,NULL,NULL,'0',7,82,'0'),('5',2116,NULL,NULL,NULL,'',NULL,NULL,NULL,NULL,NULL,NULL,NULL,NULL,'0',7,88,'0'),('5',2117,NULL,NULL,NULL,'',NULL,NULL,NULL,NULL,NULL,NULL,NULL,NULL,'0',7,111,'0'),('5',2118,NULL,NULL,NULL,'',NULL,NULL,NULL,NULL,NULL,NULL,NULL,NULL,'0',7,124,'0'),('5',2119,NULL,NULL,NULL,'',NULL,NULL,NULL,NULL,NULL,NULL,NULL,NULL,'0',7,136,'0'),('5',2120,NULL,NULL,NULL,'',NULL,NULL,NULL,NULL,NULL,NULL,NULL,NULL,'0',7,140,'0'),('5',2121,NULL,NULL,NULL,'',NULL,NULL,NULL,NULL,NULL,NULL,NULL,NULL,'0',7,160,'0'),('5',2122,NULL,NULL,NULL,'',NULL,NULL,NULL,NULL,NULL,NULL,NULL,NULL,'0',7,9,'0'),('5',2123,NULL,NULL,NULL,'',NULL,NULL,NULL,NULL,NULL,NULL,NULL,NULL,'0',7,17,'0'),('5',2124,NULL,NULL,NULL,'',NULL,NULL,NULL,NULL,NULL,NULL,NULL,NULL,'0',7,45,'0'),('5',2125,NULL,NULL,NULL,'',NULL,NULL,NULL,NULL,NULL,NULL,NULL,NULL,'0',7,59,'0'),('5',2126,NULL,NULL,NULL,'',NULL,NULL,NULL,NULL,NULL,NULL,NULL,NULL,'0',7,70,'0'),('5',2127,NULL,NULL,NULL,'',NULL,NULL,NULL,NULL,NULL,NULL,NULL,NULL,'0',7,93,'0'),('5',2128,NULL,NULL,NULL,'',NULL,NULL,NULL,NULL,NULL,NULL,NULL,NULL,'0',7,99,'0'),('5',2129,NULL,NULL,NULL,'',NULL,NULL,NULL,NULL,NULL,NULL,NULL,NULL,'0',7,119,'0'),('5',2130,NULL,NULL,NULL,'',NULL,NULL,NULL,NULL,NULL,NULL,NULL,NULL,'0',7,15,'0'),('5',2131,NULL,NULL,NULL,'',NULL,NULL,NULL,NULL,NULL,NULL,NULL,NULL,'0',7,44,'0'),('5',2132,NULL,NULL,NULL,'',NULL,NULL,NULL,NULL,NULL,NULL,NULL,NULL,'0',7,56,'0'),('5',2133,NULL,NULL,NULL,'',NULL,NULL,NULL,NULL,NULL,NULL,NULL,NULL,'0',7,67,'0'),('5',2134,NULL,NULL,NULL,'',NULL,NULL,NULL,NULL,NULL,NULL,NULL,NULL,'0',7,81,'0'),('5',2135,NULL,NULL,NULL,'',NULL,NULL,NULL,NULL,NULL,NULL,NULL,NULL,'0',7,84,'0'),('5',2136,NULL,NULL,NULL,'',NULL,NULL,NULL,NULL,NULL,NULL,NULL,NULL,'0',7,91,'0'),('5',2137,NULL,NULL,NULL,'',NULL,NULL,NULL,NULL,NULL,NULL,NULL,NULL,'0',7,121,'0'),('5',2138,NULL,NULL,NULL,'',NULL,NULL,NULL,NULL,NULL,NULL,NULL,NULL,'0',7,134,'0'),('5',2139,NULL,NULL,NULL,'',NULL,NULL,NULL,NULL,NULL,NULL,NULL,NULL,'0',7,144,'0'),('5',2140,NULL,NULL,NULL,'',NULL,NULL,NULL,NULL,NULL,NULL,NULL,NULL,'0',7,161,'0'),('5',2141,NULL,NULL,NULL,'',NULL,NULL,NULL,NULL,NULL,NULL,NULL,NULL,'0',7,8,'0'),('5',2142,NULL,NULL,NULL,'',NULL,NULL,NULL,NULL,NULL,NULL,NULL,NULL,'0',7,29,'0'),('5',2143,NULL,NULL,NULL,'',NULL,NULL,NULL,NULL,NULL,NULL,NULL,NULL,'0',7,41,'0'),('5',2144,NULL,NULL,NULL,'',NULL,NULL,NULL,NULL,NULL,NULL,NULL,NULL,'0',7,68,'0'),('5',2145,NULL,NULL,NULL,'',NULL,NULL,NULL,NULL,NULL,NULL,NULL,NULL,'0',7,115,'0'),('5',2146,NULL,NULL,NULL,'',NULL,NULL,NULL,NULL,NULL,NULL,NULL,NULL,'0',7,116,'0'),('5',2147,NULL,NULL,NULL,'',NULL,NULL,NULL,NULL,NULL,NULL,NULL,NULL,'0',7,125,'0'),('5',2148,NULL,NULL,NULL,'',NULL,NULL,NULL,NULL,NULL,NULL,NULL,NULL,'0',7,143,'0'),('5',2149,NULL,NULL,NULL,'',NULL,NULL,NULL,NULL,NULL,NULL,NULL,NULL,'0',7,147,'0'),('5',2150,NULL,NULL,NULL,'',NULL,NULL,NULL,NULL,NULL,NULL,NULL,NULL,'0',7,162,'0'),('5',2151,NULL,NULL,NULL,'',NULL,NULL,NULL,NULL,NULL,NULL,NULL,NULL,'0',7,5,'0'),('5',2152,NULL,NULL,NULL,'',NULL,NULL,NULL,NULL,NULL,NULL,NULL,NULL,'0',7,28,'0'),('5',2153,NULL,NULL,NULL,'',NULL,NULL,NULL,NULL,NULL,NULL,NULL,NULL,'0',7,51,'0'),('5',2154,NULL,NULL,NULL,'',NULL,NULL,NULL,NULL,NULL,NULL,NULL,NULL,'0',7,96,'0'),('5',2155,NULL,NULL,NULL,'',NULL,NULL,NULL,NULL,NULL,NULL,NULL,NULL,'0',7,113,'0'),('5',2156,NULL,NULL,NULL,'',NULL,NULL,NULL,NULL,NULL,NULL,NULL,NULL,'0',7,120,'0'),('5',2157,NULL,NULL,NULL,'',NULL,NULL,NULL,NULL,NULL,NULL,NULL,NULL,'0',7,127,'0'),('5',2158,NULL,NULL,NULL,'',NULL,NULL,NULL,NULL,NULL,NULL,NULL,NULL,'0',7,129,'0'),('5',2159,NULL,NULL,NULL,'',NULL,NULL,NULL,NULL,NULL,NULL,NULL,NULL,'0',7,163,'0'),('5',2160,NULL,NULL,NULL,'',NULL,NULL,NULL,NULL,NULL,NULL,NULL,NULL,'0',7,26,'0'),('5',2161,NULL,NULL,NULL,'',NULL,NULL,NULL,NULL,NULL,NULL,NULL,NULL,'0',7,27,'0'),('5',2162,NULL,NULL,NULL,'',NULL,NULL,NULL,NULL,NULL,NULL,NULL,NULL,'0',7,31,'0'),('5',2163,NULL,NULL,NULL,'',NULL,NULL,NULL,NULL,NULL,NULL,NULL,NULL,'0',7,57,'0'),('5',2164,NULL,NULL,NULL,'',NULL,NULL,NULL,NULL,NULL,NULL,NULL,NULL,'0',7,78,'0'),('5',2165,NULL,NULL,NULL,'',NULL,NULL,NULL,NULL,NULL,NULL,NULL,NULL,'0',7,154,'0'),('5',2166,NULL,NULL,NULL,'',NULL,NULL,NULL,NULL,NULL,NULL,NULL,NULL,'0',7,159,'0'),('5',2167,NULL,NULL,NULL,'',NULL,NULL,NULL,NULL,NULL,NULL,NULL,NULL,'0',7,37,'0'),('5',2168,NULL,NULL,NULL,'',NULL,NULL,NULL,NULL,NULL,NULL,NULL,NULL,'0',7,62,'0'),('5',2169,NULL,NULL,NULL,'',NULL,NULL,NULL,NULL,NULL,NULL,NULL,NULL,'0',7,71,'0'),('5',2170,NULL,NULL,NULL,'',NULL,NULL,NULL,NULL,NULL,NULL,NULL,NULL,'0',7,110,'0'),('5',2171,NULL,NULL,NULL,'',NULL,NULL,NULL,NULL,NULL,NULL,NULL,NULL,'0',7,122,'0'),('5',2172,NULL,NULL,NULL,'',NULL,NULL,NULL,NULL,NULL,NULL,NULL,NULL,'0',7,131,'0'),('5',2173,NULL,NULL,NULL,'',NULL,NULL,NULL,NULL,NULL,NULL,NULL,NULL,'0',7,12,'0'),('5',2174,NULL,NULL,NULL,'',NULL,NULL,NULL,NULL,NULL,NULL,NULL,NULL,'0',7,19,'0'),('5',2175,NULL,NULL,NULL,'',NULL,NULL,NULL,NULL,NULL,NULL,NULL,NULL,'0',7,20,'0'),('5',2176,NULL,NULL,NULL,'',NULL,NULL,NULL,NULL,NULL,NULL,NULL,NULL,'0',7,54,'0'),('5',2177,NULL,NULL,NULL,'',NULL,NULL,NULL,NULL,NULL,NULL,NULL,NULL,'0',7,73,'0'),('5',2178,NULL,NULL,NULL,'',NULL,NULL,NULL,NULL,NULL,NULL,NULL,NULL,'0',7,76,'0'),('5',2179,NULL,NULL,NULL,'',NULL,NULL,NULL,NULL,NULL,NULL,NULL,NULL,'0',7,98,'0'),('5',2180,NULL,NULL,NULL,'',NULL,NULL,NULL,NULL,NULL,NULL,NULL,NULL,'0',7,126,'0'),('5',2181,NULL,NULL,NULL,'',NULL,NULL,NULL,NULL,NULL,NULL,NULL,NULL,'0',7,153,'0'),('5',2182,NULL,NULL,NULL,'',NULL,NULL,NULL,NULL,NULL,NULL,NULL,NULL,'0',7,164,'0'),('5',2183,NULL,NULL,NULL,'',NULL,NULL,NULL,NULL,NULL,NULL,NULL,NULL,'0',7,13,'0'),('5',2184,NULL,NULL,NULL,'',NULL,NULL,NULL,NULL,NULL,NULL,NULL,NULL,'0',7,25,'0'),('5',2185,NULL,NULL,NULL,'',NULL,NULL,NULL,NULL,NULL,NULL,NULL,NULL,'0',7,123,'0'),('5',2186,NULL,NULL,NULL,'',NULL,NULL,NULL,NULL,NULL,NULL,NULL,NULL,'0',7,141,'0'),('5',2187,NULL,NULL,NULL,'',NULL,NULL,NULL,NULL,NULL,NULL,NULL,NULL,'0',7,146,'0'),('5',2188,NULL,NULL,NULL,'',NULL,NULL,NULL,NULL,NULL,NULL,NULL,NULL,'0',7,155,'0'),('5',2189,NULL,NULL,NULL,'',NULL,NULL,NULL,NULL,NULL,NULL,NULL,NULL,'0',7,10,'0'),('5',2190,NULL,NULL,NULL,'',NULL,NULL,NULL,NULL,NULL,NULL,NULL,NULL,'0',7,11,'0'),('5',2191,NULL,NULL,NULL,'',NULL,NULL,NULL,NULL,NULL,NULL,NULL,NULL,'0',7,30,'0'),('5',2192,NULL,NULL,NULL,'',NULL,NULL,NULL,NULL,NULL,NULL,NULL,NULL,'0',7,33,'0'),('5',2193,NULL,NULL,NULL,'',NULL,NULL,NULL,NULL,NULL,NULL,NULL,NULL,'0',7,104,'0'),('5',2194,NULL,NULL,NULL,'',NULL,NULL,NULL,NULL,NULL,NULL,NULL,NULL,'0',7,156,'0'),('5',2195,NULL,NULL,NULL,'',NULL,NULL,NULL,NULL,NULL,NULL,NULL,NULL,'0',7,55,'0'),('5',2196,NULL,NULL,NULL,'',NULL,NULL,NULL,NULL,NULL,NULL,NULL,NULL,'0',7,74,'0'),('5',2197,NULL,NULL,NULL,'',NULL,NULL,NULL,NULL,NULL,NULL,NULL,NULL,'0',7,77,'0'),('5',2198,NULL,NULL,NULL,'',NULL,NULL,NULL,NULL,NULL,NULL,NULL,NULL,'0',7,85,'0'),('5',2199,NULL,NULL,NULL,'',NULL,NULL,NULL,NULL,NULL,NULL,NULL,NULL,'0',7,92,'0'),('5',2200,NULL,NULL,NULL,'',NULL,NULL,NULL,NULL,NULL,NULL,NULL,NULL,'0',7,102,'0'),('5',2201,NULL,NULL,NULL,'',NULL,NULL,NULL,NULL,NULL,NULL,NULL,NULL,'0',7,128,'0'),('5',2202,NULL,NULL,NULL,'',NULL,NULL,NULL,NULL,NULL,NULL,NULL,NULL,'0',7,168,'0'),('5',2203,NULL,NULL,NULL,'',NULL,NULL,NULL,NULL,NULL,NULL,NULL,NULL,'0',12,2,'0'),('5',2204,NULL,NULL,NULL,'',NULL,NULL,NULL,NULL,NULL,NULL,NULL,NULL,'0',12,22,'0'),('5',2205,NULL,NULL,NULL,'',NULL,NULL,NULL,NULL,NULL,NULL,NULL,NULL,'0',12,42,'0'),('5',2206,NULL,NULL,NULL,'',NULL,NULL,NULL,NULL,NULL,NULL,NULL,NULL,'0',12,52,'0'),('5',2207,NULL,NULL,NULL,'',NULL,NULL,NULL,NULL,NULL,NULL,NULL,NULL,'0',12,63,'0'),('5',2208,NULL,NULL,NULL,'',NULL,NULL,NULL,NULL,NULL,NULL,NULL,NULL,'0',12,65,'0'),('5',2209,NULL,NULL,NULL,'',NULL,NULL,NULL,NULL,NULL,NULL,NULL,NULL,'0',12,90,'0'),('5',2210,NULL,NULL,NULL,'',NULL,NULL,NULL,NULL,NULL,NULL,NULL,NULL,'0',12,100,'0'),('5',2211,NULL,NULL,NULL,'',NULL,NULL,NULL,NULL,NULL,NULL,NULL,NULL,'0',12,117,'0'),('5',2212,NULL,NULL,NULL,'',NULL,NULL,NULL,NULL,NULL,NULL,NULL,NULL,'0',12,145,'0'),('5',2213,NULL,NULL,NULL,'',NULL,NULL,NULL,NULL,NULL,NULL,NULL,NULL,'0',12,157,'0'),('5',2214,NULL,NULL,NULL,'',NULL,NULL,NULL,NULL,NULL,NULL,NULL,NULL,'0',12,14,'0'),('5',2215,NULL,NULL,NULL,'',NULL,NULL,NULL,NULL,NULL,NULL,NULL,NULL,'0',12,32,'0'),('5',2216,NULL,NULL,NULL,'',NULL,NULL,NULL,NULL,NULL,NULL,NULL,NULL,'0',12,35,'0'),('5',2217,NULL,NULL,NULL,'',NULL,NULL,NULL,NULL,NULL,NULL,NULL,NULL,'0',12,64,'0'),('5',2218,NULL,NULL,NULL,'',NULL,NULL,NULL,NULL,NULL,NULL,NULL,NULL,'0',12,97,'0'),('5',2219,NULL,NULL,NULL,'',NULL,NULL,NULL,NULL,NULL,NULL,NULL,NULL,'0',12,101,'0'),('5',2220,NULL,NULL,NULL,'',NULL,NULL,NULL,NULL,NULL,NULL,NULL,NULL,'0',12,103,'0'),('5',2221,NULL,NULL,NULL,'',NULL,NULL,NULL,NULL,NULL,NULL,NULL,NULL,'0',12,148,'0'),('5',2222,NULL,NULL,NULL,'',NULL,NULL,NULL,NULL,NULL,NULL,NULL,NULL,'0',12,149,'0'),('5',2223,NULL,NULL,NULL,'',NULL,NULL,NULL,NULL,NULL,NULL,NULL,NULL,'0',12,167,'0'),('5',2224,NULL,NULL,NULL,'',NULL,NULL,NULL,NULL,NULL,NULL,NULL,NULL,'0',12,1,'0'),('5',2225,NULL,NULL,NULL,'',NULL,NULL,NULL,NULL,NULL,NULL,NULL,NULL,'0',12,39,'0'),('5',2226,NULL,NULL,NULL,'',NULL,NULL,NULL,NULL,NULL,NULL,NULL,NULL,'0',12,43,'0'),('5',2227,NULL,NULL,NULL,'',NULL,NULL,NULL,NULL,NULL,NULL,NULL,NULL,'0',12,58,'0'),('5',2228,NULL,NULL,NULL,'',NULL,NULL,NULL,NULL,NULL,NULL,NULL,NULL,'0',12,69,'0'),('5',2229,NULL,NULL,NULL,'',NULL,NULL,NULL,NULL,NULL,NULL,NULL,NULL,'0',12,79,'0'),('5',2230,NULL,NULL,NULL,'',NULL,NULL,NULL,NULL,NULL,NULL,NULL,NULL,'0',12,89,'0'),('5',2231,NULL,NULL,NULL,'',NULL,NULL,NULL,NULL,NULL,NULL,NULL,NULL,'0',12,106,'0'),('5',2232,NULL,NULL,NULL,'',NULL,NULL,NULL,NULL,NULL,NULL,NULL,NULL,'0',12,112,'0'),('5',2233,NULL,NULL,NULL,'',NULL,NULL,NULL,NULL,NULL,NULL,NULL,NULL,'0',12,158,'0'),('5',2234,NULL,NULL,NULL,'',NULL,NULL,NULL,NULL,NULL,NULL,NULL,NULL,'0',12,18,'0'),('5',2235,NULL,NULL,NULL,'',NULL,NULL,NULL,NULL,NULL,NULL,NULL,NULL,'0',12,40,'0'),('5',2236,NULL,NULL,NULL,'',NULL,NULL,NULL,NULL,NULL,NULL,NULL,NULL,'0',12,47,'0'),('5',2237,NULL,NULL,NULL,'',NULL,NULL,NULL,NULL,NULL,NULL,NULL,NULL,'0',12,48,'0'),('5',2238,NULL,NULL,NULL,'',NULL,NULL,NULL,NULL,NULL,NULL,NULL,NULL,'0',12,53,'0'),('5',2239,NULL,NULL,NULL,'',NULL,NULL,NULL,NULL,NULL,NULL,NULL,NULL,'0',12,61,'0'),('5',2240,NULL,NULL,NULL,'',NULL,NULL,NULL,NULL,NULL,NULL,NULL,NULL,'0',12,80,'0'),('5',2241,NULL,NULL,NULL,'',NULL,NULL,NULL,NULL,NULL,NULL,NULL,NULL,'0',12,94,'0'),('5',2242,NULL,NULL,NULL,'',NULL,NULL,NULL,NULL,NULL,NULL,NULL,NULL,'0',12,114,'0'),('5',2243,NULL,NULL,NULL,'',NULL,NULL,NULL,NULL,NULL,NULL,NULL,NULL,'0',12,130,'0'),('5',2244,NULL,NULL,NULL,'',NULL,NULL,NULL,NULL,NULL,NULL,NULL,NULL,'0',12,152,'0'),('5',2372,NULL,NULL,NULL,'',NULL,NULL,NULL,NULL,NULL,NULL,NULL,NULL,'0',12,7,'0'),('5',2373,NULL,NULL,NULL,'',NULL,NULL,NULL,NULL,NULL,NULL,NULL,NULL,'0',12,16,'0'),('5',2374,NULL,NULL,NULL,'',NULL,NULL,NULL,NULL,NULL,NULL,NULL,NULL,'0',12,72,'0'),('2',2375,'[3958, 758, 73, 96]',0.9870783090591431,'D:\\1- ws.projects\\medface.webapp\\media/runs\\3\\1\\2023-11-27\\2\\125\\WhatsApp Image 2023-11-13 at 11.45.10 AM.jpeg','','211003336_Sherihan Hassan',0.12359115481376648,'211003336_Sherihan Hassan',0.3752984404563904,'211000151_Bassant Gamal Eldin',0.9999845027923584,'211003336_Sherihan Hassan',NULL,'0',12,83,'1'),('5',2376,NULL,NULL,NULL,'',NULL,NULL,NULL,NULL,NULL,NULL,NULL,NULL,'0',12,105,'0'),('5',2377,NULL,NULL,NULL,'',NULL,NULL,NULL,NULL,NULL,NULL,NULL,NULL,'0',12,108,'0'),('5',2378,NULL,NULL,NULL,'',NULL,NULL,NULL,NULL,NULL,NULL,NULL,NULL,'0',12,109,'0'),('5',2379,NULL,NULL,NULL,'',NULL,NULL,NULL,NULL,NULL,NULL,NULL,NULL,'0',12,135,'0'),('5',2380,NULL,NULL,NULL,'',NULL,NULL,NULL,NULL,NULL,NULL,NULL,NULL,'0',12,138,'0'),('5',2381,NULL,NULL,NULL,'',NULL,NULL,NULL,NULL,NULL,NULL,NULL,NULL,'0',12,139,'0'),('5',2382,NULL,NULL,NULL,'',NULL,NULL,NULL,NULL,NULL,NULL,NULL,NULL,'0',12,24,'0'),('5',2383,NULL,NULL,NULL,'',NULL,NULL,NULL,NULL,NULL,NULL,NULL,NULL,'0',12,46,'0'),('5',2384,NULL,NULL,NULL,'',NULL,NULL,NULL,NULL,NULL,NULL,NULL,NULL,'0',12,66,'0'),('5',2385,NULL,NULL,NULL,'',NULL,NULL,NULL,NULL,NULL,NULL,NULL,NULL,'0',12,75,'0'),('5',2386,NULL,NULL,NULL,'',NULL,NULL,NULL,NULL,NULL,NULL,NULL,NULL,'0',12,82,'0'),('5',2387,NULL,NULL,NULL,'',NULL,NULL,NULL,NULL,NULL,NULL,NULL,NULL,'0',12,88,'0'),('2',2388,'[385, 1398, 140, 160]',0.9972781538963318,'D:\\1- ws.projects\\medface.webapp\\media/runs\\3\\1\\2023-11-27\\2\\125\\WhatsApp Image 2023-11-13 at 11.45.11 AM.jpeg','/media/temp/211009356_Mostafa Abdel Halim_hvxl4s0n.jpg','211009356_Mostafa Abdel Halim',0.6964666843414307,'211009356_Mostafa Abdel Halim',0.9795213341712952,'211000869_Walid Bahlol',0.6366726160049438,'211009356_Mostafa Abdel Halim',NULL,'0',12,111,'1'),('5',2389,NULL,NULL,NULL,'',NULL,NULL,NULL,NULL,NULL,NULL,NULL,NULL,'0',12,124,'0'),('5',2390,NULL,NULL,NULL,'',NULL,NULL,NULL,NULL,NULL,NULL,NULL,NULL,'0',12,136,'0'),('5',2391,NULL,NULL,NULL,'',NULL,NULL,NULL,NULL,NULL,NULL,NULL,NULL,'0',12,140,'0'),('5',2392,NULL,NULL,NULL,'',NULL,NULL,NULL,NULL,NULL,NULL,NULL,NULL,'0',12,160,'0'),('2',2393,'[3083, 1474, 104, 129]',0.9980679154396057,'D:\\1- ws.projects\\medface.webapp\\media/runs\\3\\1\\2023-11-27\\2\\125\\WhatsApp Image 2023-11-13 at 11.45.11 AM.jpeg','/media/temp/211000151_Bassant Gamal Eldin_lyzqno7e.jpg','211012090_Magda Mohamed',0.3004019856452942,'211001167_Mostafa Ashraf',0.8433906435966492,'211000151_Bassant Gamal Eldin',0.999994158744812,'211000151_Bassant Gamal Eldin',NULL,'0',12,9,'1'),('5',2394,NULL,NULL,NULL,'',NULL,NULL,NULL,NULL,NULL,NULL,NULL,NULL,'0',12,17,'0'),('5',2395,NULL,NULL,NULL,'',NULL,NULL,NULL,NULL,NULL,NULL,NULL,NULL,'0',12,45,'0'),('5',2396,NULL,NULL,NULL,'',NULL,NULL,NULL,NULL,NULL,NULL,NULL,NULL,'0',12,59,'0'),('5',2397,NULL,NULL,NULL,'',NULL,NULL,NULL,NULL,NULL,NULL,NULL,NULL,'0',12,70,'0'),('5',2398,NULL,NULL,NULL,'',NULL,NULL,NULL,NULL,NULL,NULL,NULL,NULL,'0',12,93,'0'),('5',2399,NULL,NULL,NULL,'',NULL,NULL,NULL,NULL,NULL,NULL,NULL,NULL,'0',12,99,'0'),('5',2400,NULL,NULL,NULL,'',NULL,NULL,NULL,NULL,NULL,NULL,NULL,NULL,'0',12,118,'0'),('5',2401,NULL,NULL,NULL,'',NULL,NULL,NULL,NULL,NULL,NULL,NULL,NULL,'0',12,119,'0'),('5',2402,NULL,NULL,NULL,'',NULL,NULL,NULL,NULL,NULL,NULL,NULL,NULL,'0',12,15,'0'),('2',2403,'[1986, 1379, 95, 107]',0.988997757434845,'D:\\1- ws.projects\\medface.webapp\\media/runs\\3\\1\\2023-11-27\\2\\125\\WhatsApp Image 2023-11-13 at 11.45.11 AM.jpeg','/media/temp/211001167_Mostafa Ashraf_aqfnzaaw.jpg','211001167_Mostafa Ashraf',0.23947283625602722,'211001167_Mostafa Ashraf',0.9925692677497864,'211000548_Hazim Mostafa',0.8582296967506409,'211001167_Mostafa Ashraf',NULL,'0',12,44,'1'),('5',2404,NULL,NULL,NULL,'',NULL,NULL,NULL,NULL,NULL,NULL,NULL,NULL,'0',12,56,'0'),('5',2405,NULL,NULL,NULL,'',NULL,NULL,NULL,NULL,NULL,NULL,NULL,NULL,'0',12,67,'0'),('5',2406,NULL,NULL,NULL,'',NULL,NULL,NULL,NULL,NULL,NULL,NULL,NULL,'0',12,81,'0'),('5',2407,NULL,NULL,NULL,'',NULL,NULL,NULL,NULL,NULL,NULL,NULL,NULL,'0',12,84,'0'),('5',2408,NULL,NULL,NULL,'',NULL,NULL,NULL,NULL,NULL,NULL,NULL,NULL,'0',12,91,'0'),('5',2409,NULL,NULL,NULL,'',NULL,NULL,NULL,NULL,NULL,NULL,NULL,NULL,'0',12,121,'0'),('5',2410,NULL,NULL,NULL,'',NULL,NULL,NULL,NULL,NULL,NULL,NULL,NULL,'0',12,134,'0'),('5',2411,NULL,NULL,NULL,'',NULL,NULL,NULL,NULL,NULL,NULL,NULL,NULL,'0',12,144,'0'),('5',2412,NULL,NULL,NULL,'',NULL,NULL,NULL,NULL,NULL,NULL,NULL,NULL,'0',12,161,'0'),('2',2413,'[2789, 1879, 236, 317]',0.9998557567596436,'D:\\1- ws.projects\\medface.webapp\\media/runs\\3\\1\\2023-11-27\\2\\125\\WhatsApp Image 2023-11-13 at 11.45.11 AM.jpeg','/media/temp/211000104_Menna Elswefy_330q8szu.jpg','211000104_Menna Elswefy',0.4382766783237457,'211000104_Menna Elswefy',0.8866891860961914,'211000720_Ponsieh Samer',0.9946480393409729,'211000104_Menna Elswefy',NULL,'0',12,6,'1'),('2',2414,'[1457, 1567, 169, 207]',0.9999591112136841,'D:\\1- ws.projects\\medface.webapp\\media/runs\\3\\1\\2023-11-27\\2\\125\\WhatsApp Image 2023-11-13 at 11.45.11 AM.jpeg','/media/temp/211000137_Marwan Elkordy_6yv1rqf1.jpg','211000137_Marwan Elkordy',0.42842260003089905,'211000137_Marwan Elkordy',0.9965512752532959,'211003497_Abdel Rahman Hegazy',0.5258729457855225,'211000137_Marwan Elkordy',NULL,'0',12,8,'1'),('5',2415,NULL,NULL,NULL,'',NULL,NULL,NULL,NULL,NULL,NULL,NULL,NULL,'0',12,29,'0'),('5',2416,NULL,NULL,NULL,'',NULL,NULL,NULL,NULL,NULL,NULL,NULL,NULL,'0',12,41,'0'),('5',2417,'[1871, 1339, 90, 115]',0.9999914169311523,'D:\\1- ws.projects\\medface.webapp\\media/runs\\3\\1\\2023-11-27\\2\\125\\WhatsApp Image 2023-09-30 at 2.27.48 PM.jpeg','/media/temp/211002717_Heba Hammam_4r17vo5p.jpg','211002717_Heba Hammam',0.9975852966308594,'211002717_Heba Hammam',0.999466598033905,'211002717_Heba Hammam',1,'211002717_Heba Hammam',NULL,'0',12,68,'1'),('2',2418,'[1031, 1442, 156, 195]',0.9998650550842285,'D:\\1- ws.projects\\medface.webapp\\media/runs\\3\\1\\2023-11-27\\2\\125\\WhatsApp Image 2023-11-13 at 11.45.11 AM.jpeg','/media/temp/211010161_Salah Koriem_v_zwatcz.jpg','211010161_Salah Koriem',0.9975646734237671,'211010161_Salah Koriem',0.9994056224822998,'211010161_Salah Koriem',0.999881386756897,'211010161_Salah Koriem',NULL,'0',12,115,'1'),('5',2419,NULL,NULL,NULL,'',NULL,NULL,NULL,NULL,NULL,NULL,NULL,NULL,'0',12,116,'0'),('2',2420,'[2643, 1513, 95, 117]',0.9997326731681824,'D:\\1- ws.projects\\medface.webapp\\media/runs\\3\\1\\2023-11-27\\2\\125\\WhatsApp Image 2023-11-13 at 11.45.11 AM.jpeg','/media/temp/211010773_Ashrakat Hussien_wqlfht0d.jpg','211010773_Ashrakat Hussien',0.9965904951095581,'211001167_Mostafa Ashraf',0.7857490181922913,'211002785_Amal Arafa',0.7894785404205322,'211010773_Ashrakat Hussien',NULL,'0',12,125,'1'),('5',2421,NULL,NULL,NULL,'',NULL,NULL,NULL,NULL,NULL,NULL,NULL,NULL,'0',12,143,'0'),('2',2422,'[2664, 1191, 133, 172]',0.9996684789657593,'D:\\1- ws.projects\\medface.webapp\\media/runs\\3\\1\\2023-11-27\\2\\125\\WhatsApp Image 2023-11-13 at 11.45.12 AM.jpeg','','211011237_Reeman Elsayed',0.9995898604393005,'211011237_Reeman Elsayed',0.9970951080322266,'212001112_Maryam Hammam',0.7390863299369812,'211011237_Reeman Elsayed',NULL,'0',12,147,'1'),('2',2423,'[3666, 1377, 80, 97]',0.9955386519432068,'D:\\1- ws.projects\\medface.webapp\\media/runs\\3\\1\\2023-11-27\\2\\125\\WhatsApp Image 2023-11-13 at 11.45.11 AM.jpeg','/media/temp/212001215_Sara Alaa_acyusbyx.jpg','211001927_Hanin Zahran',0.11509472131729126,'212001215_Sara Alaa',0.7475668787956238,'211000784_Mohamed Ossama',0.3352717161178589,'212001215_Sara Alaa',NULL,'0',12,162,'1'),('2',2424,'[2178, 1537, 157, 183]',0.9990177154541016,'D:\\1- ws.projects\\medface.webapp\\media/runs\\3\\1\\2023-11-27\\2\\125\\WhatsApp Image 2023-11-13 at 11.45.11 AM.jpeg','/media/temp/211000072_Ahmed Agawany_gwl3xe_u.jpg','211000072_Ahmed Agawany',0.9970526695251465,'211000072_Ahmed Agawany',0.9999586343765259,'211000072_Ahmed Agawany',1,'211000072_Ahmed Agawany',NULL,'0',12,4,'1'),('5',2425,'[752, 1364, 85, 107]',0.999907374382019,'D:\\1- ws.projects\\medface.webapp\\media/runs\\3\\1\\2023-11-27\\2\\125\\WhatsApp Image 2023-09-30 at 2.27.48 PM.jpeg','/media/temp/211000099_Hajer Barakat_4el3umr7.jpg','211000099_Hajer Barakat',0.9985479712486267,'211000099_Hajer Barakat',0.997789740562439,'211000099_Hajer Barakat',1,'211000099_Hajer Barakat',NULL,'0',12,5,'1'),('2',2426,'[687, 1574, 162, 216]',0.9999992847442627,'D:\\1- ws.projects\\medface.webapp\\media/runs\\3\\1\\2023-11-27\\2\\125\\WhatsApp Image 2023-11-13 at 11.45.11 AM.jpeg','/media/temp/211000712_Mazin Bahnasy_ymluvqtr.jpg','211000712_Mazin Bahnasy',0.5237865447998047,'211000712_Mazin Bahnasy',0.9956300258636475,'211000151_Bassant Gamal Eldin',0.3426112234592438,'211000712_Mazin Bahnasy',NULL,'0',12,28,'1'),('5',2427,'[1550, 1333, 105, 127]',0.996901273727417,'D:\\1- ws.projects\\medface.webapp\\media/runs\\3\\1\\2023-11-27\\2\\125\\WhatsApp Image 2023-09-30 at 2.27.48 PM.jpeg','/media/temp/211001707_Karim Hashim_n1ivfs_m.jpg','211001707_Karim Hashim',0.9673683047294617,'211001707_Karim Hashim',0.9914662837982178,'211001707_Karim Hashim',0.9999988079071045,'211001707_Karim Hashim',NULL,'0',12,51,'1'),('2',2428,'[816, 1896, 283, 367]',0.9992873072624207,'D:\\1- ws.projects\\medface.webapp\\media/runs\\3\\1\\2023-11-27\\2\\125\\WhatsApp Image 2023-11-13 at 11.45.11 AM.jpeg','/media/temp/211003745_Ahmed Medhat_t5lldw5u.jpg','212001034_Mohamed Sabry',0.5073556303977966,'211003745_Ahmed Medhat',0.9715405106544495,'211011152_Abdelrahman Ashour',0.9416726231575012,'211003745_Ahmed Medhat',NULL,'0',12,96,'1'),('5',2429,NULL,NULL,NULL,'',NULL,NULL,NULL,NULL,NULL,NULL,NULL,NULL,'0',12,113,'0'),('5',2430,NULL,NULL,NULL,'',NULL,NULL,NULL,NULL,NULL,NULL,NULL,NULL,'0',12,120,'0'),('5',2431,NULL,NULL,NULL,'',NULL,NULL,NULL,NULL,NULL,NULL,NULL,NULL,'0',12,127,'0'),('2',2432,'[1993, 946, 58, 75]',0.998637855052948,'D:\\1- ws.projects\\medface.webapp\\media/runs\\3\\1\\2023-11-27\\2\\125\\WhatsApp Image 2023-11-13 at 11.45.12 AM.jpeg','','212000100_Adham Ahmed',0.25075262784957886,'211010944_Kirollos William',0.9941712021827698,'211003775_Ammar Yasser',0.8895555734634399,'211010944_Kirollos William',NULL,'0',12,129,'1'),('2',2433,'[3236, 886, 74, 89]',0.9998598098754883,'D:\\1- ws.projects\\medface.webapp\\media/runs\\3\\1\\2023-11-27\\2\\125\\WhatsApp Image 2023-11-13 at 11.45.12 AM.jpeg','','211011276_Abdallah Hisham',0.7230187654495239,'211011276_Abdallah Hisham',0.9637376666069031,'211011276_Abdallah Hisham',1,'211011276_Abdallah Hisham',NULL,'0',12,151,'1'),('5',2434,NULL,NULL,NULL,'',NULL,NULL,NULL,NULL,NULL,NULL,NULL,NULL,'0',12,163,'0'),('2',2435,'[2145, 1110, 90, 120]',0.9997512698173523,'D:\\1- ws.projects\\medface.webapp\\media/runs\\3\\1\\2023-11-27\\2\\125\\WhatsApp Image 2023-11-13 at 11.45.12 AM.jpeg','','211000539_Logyn Attify',0.938620924949646,'211000539_Logyn Attify',0.9856560230255127,'211002119_Nada Ashoush',0.7376719117164612,'211000539_Logyn Attify',NULL,'0',12,21,'1'),('2',2436,'[1357, 863, 108, 133]',0.9994767308235168,'D:\\1- ws.projects\\medface.webapp\\media/runs\\3\\1\\2023-11-27\\2\\125\\WhatsApp Image 2023-11-13 at 11.45.10 AM.jpeg','','211000593_Menna Refaat',0.9996683597564697,'211000593_Menna Refaat',0.998723566532135,'211000593_Menna Refaat',1,'211000593_Menna Refaat',NULL,'0',12,26,'1'),('5',2437,NULL,NULL,NULL,'',NULL,NULL,NULL,NULL,NULL,NULL,NULL,NULL,'0',12,27,'0'),('2',2438,'[2161, 677, 85, 94]',0.9987154006958008,'D:\\1- ws.projects\\medface.webapp\\media/runs\\3\\1\\2023-11-27\\2\\125\\WhatsApp Image 2023-11-13 at 11.45.10 AM.jpeg','','211011032_Abdel Rahman Farid',0.24676752090454102,'211000767_Mahmoud Attian',0.8616743087768555,'211009356_Mostafa Abdel Halim',0.6564598679542542,'211000767_Mahmoud Attian',NULL,'0',12,31,'1'),('2',2439,'[2508, 1230, 153, 203]',0.9999611377716064,'D:\\1- ws.projects\\medface.webapp\\media/runs\\3\\1\\2023-11-27\\2\\125\\WhatsApp Image 2023-11-13 at 11.45.12 AM.jpeg','','211000378_Reem Hafez',0.6520794034004211,'211000809_Maryam Elsayed',0.9487586617469788,'211000718_Fredy Emad',0.5094815492630005,'211000809_Maryam Elsayed',NULL,'0',12,38,'1'),('2',2440,'[1258, 1400, 120, 147]',0.9999955892562866,'D:\\1- ws.projects\\medface.webapp\\media/runs\\3\\1\\2023-11-27\\2\\125\\WhatsApp Image 2023-11-13 at 11.45.11 AM.jpeg','/media/temp/211002262_Yousef Imam_b3wxqtf5.jpg','211002262_Yousef Imam',0.9999444484710693,'211002262_Yousef Imam',0.9996974468231201,'211002262_Yousef Imam',1,'211002262_Yousef Imam',NULL,'0',12,57,'1'),('5',2441,'[663, 1220, 66, 78]',0.99985671043396,'D:\\1- ws.projects\\medface.webapp\\media/runs\\3\\1\\2023-11-27\\2\\125\\WhatsApp Image 2023-09-30 at 2.27.48 PM.jpeg','/media/temp/211003094_Asser Mahmoud_chvil40l.jpg','211003094_Asser Mahmoud',0.7636719346046448,'211003094_Asser Mahmoud',0.9991888403892517,'211000548_Hazim Mostafa',0.9967758059501648,'211003094_Asser Mahmoud',NULL,'0',12,78,'1'),('2',2442,'[3451, 1494, 128, 157]',0.9998749494552612,'D:\\1- ws.projects\\medface.webapp\\media/runs\\3\\1\\2023-11-27\\2\\125\\WhatsApp Image 2023-11-13 at 11.45.11 AM.jpeg','/media/temp/211003523_Ahmed Khamis_s48dcyus.jpg','211003523_Ahmed Khamis',0.9626993536949158,'211003523_Ahmed Khamis',0.8558543920516968,'211003523_Ahmed Khamis',0.9999990463256836,'211003523_Ahmed Khamis',NULL,'0',12,87,'1'),('2',2443,'[1651, 1211, 121, 146]',0.9999654293060303,'D:\\1- ws.projects\\medface.webapp\\media/runs\\3\\1\\2023-11-27\\2\\125\\WhatsApp Image 2023-11-13 at 11.45.12 AM.jpeg','','211008767_Merna Nasser',0.99947589635849,'211008767_Merna Nasser',0.9667181968688965,'211011152_Abdelrahman Ashour',0.7032532095909119,'211008767_Merna Nasser',NULL,'0',12,107,'1'),('5',2444,NULL,NULL,NULL,'',NULL,NULL,NULL,NULL,NULL,NULL,NULL,NULL,'0',12,132,'0'),('5',2445,NULL,NULL,NULL,'',NULL,NULL,NULL,NULL,NULL,NULL,NULL,NULL,'0',12,154,'0'),('2',2446,'[3179, 1394, 97, 121]',0.9817842245101929,'D:\\1- ws.projects\\medface.webapp\\media/runs\\3\\1\\2023-11-27\\2\\125\\WhatsApp Image 2023-11-13 at 11.45.11 AM.jpeg','/media/temp/212001107_Islam Alaa Eldin_k9o628_b.jpg','212001107_Islam Alaa Eldin',0.5619678497314453,'212001107_Islam Alaa Eldin',0.37413862347602844,'211000784_Mohamed Ossama',0.9828605651855469,'212001107_Islam Alaa Eldin',NULL,'0',12,159,'1'),('2',2447,'[1909, 1120, 101, 136]',0.9882029891014099,'D:\\1- ws.projects\\medface.webapp\\media/runs\\3\\1\\2023-11-27\\2\\125\\WhatsApp Image 2023-11-13 at 11.45.12 AM.jpeg','','211000053_Rahaf Ibrahim',0.9916743636131287,'211000053_Rahaf Ibrahim',0.9939996004104614,'211000053_Rahaf Ibrahim',0.9999998807907104,'211000053_Rahaf Ibrahim',NULL,'0',12,3,'1'),('2',2448,'[1001, 1005, 86, 115]',0.9992325305938721,'D:\\1- ws.projects\\medface.webapp\\media/runs\\3\\1\\2023-11-27\\2\\125\\WhatsApp Image 2023-11-13 at 11.45.12 AM.jpeg','','211000548_Hazim Mostafa',0.9970935583114624,'211000548_Hazim Mostafa',0.6814754009246826,'211000548_Hazim Mostafa',0.9997661709785461,'211000548_Hazim Mostafa',NULL,'0',12,23,'1'),('2',2449,'[2840, 1478, 156, 192]',0.9997239708900452,'D:\\1- ws.projects\\medface.webapp\\media/runs\\3\\1\\2023-11-27\\2\\125\\WhatsApp Image 2023-11-13 at 11.45.11 AM.jpeg','/media/temp/211000800_Karim Elsamadisy_kzw2bjzp.jpg','211000800_Karim Elsamadisy',0.996841311454773,'211000800_Karim Elsamadisy',0.9999916553497314,'211000800_Karim Elsamadisy',1,'211000800_Karim Elsamadisy',NULL,'0',12,37,'1'),('5',2450,NULL,NULL,NULL,'',NULL,NULL,NULL,NULL,NULL,NULL,NULL,NULL,'0',12,62,'0'),('5',2451,NULL,NULL,NULL,'',NULL,NULL,NULL,NULL,NULL,NULL,NULL,NULL,'0',12,71,'0'),('2',2452,'[584, 1120, 129, 158]',0.9991685152053833,'D:\\1- ws.projects\\medface.webapp\\media/runs\\3\\1\\2023-11-27\\2\\125\\WhatsApp Image 2023-11-13 at 11.45.12 AM.jpeg','','211010329_Antony Mamdouh',0.5457110404968262,'211003211_Youssef Tantawy',0.3828132450580597,'211003497_Abdel Rahman Hegazy',0.6013705730438232,'211003497_Abdel Rahman Hegazy',NULL,'0',12,86,'1'),('2',2453,'[2221, 965, 63, 86]',0.9996914863586426,'D:\\1- ws.projects\\medface.webapp\\media/runs\\3\\1\\2023-11-27\\2\\125\\WhatsApp Image 2023-11-13 at 11.45.12 AM.jpeg','/media/temp/211003737_Manar Shahin_e8r2j2bx.jpg','211003737_Manar Shahin',0.9904115796089172,'211003737_Manar Shahin',0.5039421319961548,'211003737_Manar Shahin',1,'211003737_Manar Shahin',NULL,'0',12,95,'1'),('5',2454,'[27, 1107, 56, 62]',0.9952811598777771,'D:\\1- ws.projects\\medface.webapp\\media/runs\\3\\1\\2023-11-27\\2\\125\\WhatsApp Image 2023-09-30 at 2.27.48 PM.jpeg','/media/temp/211008964_Ahmed Elfeel_vu5qeg40.jpg','211008964_Ahmed Elfeel',0.4614892303943634,'211008964_Ahmed Elfeel',0.9382982850074768,'211000784_Mohamed Ossama',0.6870991587638855,'211008964_Ahmed Elfeel',NULL,'0',12,110,'1'),('5',2455,NULL,NULL,NULL,'',NULL,NULL,NULL,NULL,NULL,NULL,NULL,NULL,'0',12,122,'0'),('5',2456,NULL,NULL,NULL,'',NULL,NULL,NULL,NULL,NULL,NULL,NULL,NULL,'0',12,131,'0'),('2',2457,'[2757, 984, 97, 123]',0.9983131885528564,'D:\\1- ws.projects\\medface.webapp\\media/runs\\3\\1\\2023-11-27\\2\\125\\WhatsApp Image 2023-11-13 at 11.45.12 AM.jpeg','/media/temp/212001278_Hamza Tawfik_ojt73pt2.jpg','211002656_Nabil Oraby',0.5402199625968933,'212001278_Hamza Tawfik',0.9881477952003479,'212001131_Ahmed El ashry',0.9140490293502808,'212001278_Hamza Tawfik',NULL,'0',12,165,'1'),('5',2458,'[2711, 1284, 55, 69]',0.92766273021698,'D:\\1- ws.projects\\medface.webapp\\media/runs\\3\\1\\2023-11-27\\2\\125\\WhatsApp Image 2023-09-30 at 2.27.48 PM.jpeg','/media/temp/211000278_Belal Hany_i469se8i.jpg','211002432_Youssef Sherif',0.0631788894534111,'211003768_Wesal Diyaa',0.33392518758773804,'211000278_Belal Hany',0.9751567840576172,'211000278_Belal Hany',NULL,'0',12,12,'1'),('5',2459,NULL,NULL,NULL,'',NULL,NULL,NULL,NULL,NULL,NULL,NULL,NULL,'0',12,19,'0'),('2',2460,'[3467, 1194, 237, 302]',0.9918860197067261,'D:\\1- ws.projects\\medface.webapp\\media/runs\\3\\1\\2023-11-27\\2\\125\\WhatsApp Image 2023-11-13 at 11.45.10 AM.jpeg','/media/temp/211000535_Hanaa Islam_sri60z6e.jpg','211001676_Kerolous Youssef',0.2689451575279236,'211001707_Karim Hashim',0.9409264922142029,'211000535_Hanaa Islam',0.9592668414115906,'211000535_Hanaa Islam',NULL,'0',12,20,'1'),('2',2461,'[1080, 740, 95, 118]',0.9997872710227966,'D:\\1- ws.projects\\medface.webapp\\media/runs\\3\\1\\2023-11-27\\2\\125\\WhatsApp Image 2023-11-13 at 11.45.10 AM.jpeg','','211000784_Mohamed Ossama',0.8912233114242554,'211000784_Mohamed Ossama',0.999871015548706,'211000784_Mohamed Ossama',0.9992082715034485,'211000784_Mohamed Ossama',NULL,'0',12,34,'1'),('2',2462,'[832, 955, 52, 64]',0.9969015121459961,'D:\\1- ws.projects\\medface.webapp\\media/runs\\3\\1\\2023-11-27\\2\\125\\WhatsApp Image 2023-11-13 at 11.45.12 AM.jpeg','/media/temp/211001921_Maya Abdo_vr8_1zep.jpg','211001921_Maya Abdo',0.1384509950876236,'211001921_Maya Abdo',0.8163929581642151,'211008096_Omar Ossama',0.8222467303276062,'211001921_Maya Abdo',NULL,'0',12,54,'1'),('5',2463,NULL,NULL,NULL,'',NULL,NULL,NULL,NULL,NULL,NULL,NULL,NULL,'0',12,73,'0'),('2',2464,'[1256, 1214, 139, 181]',0.9992817044258118,'D:\\1- ws.projects\\medface.webapp\\media/runs\\3\\1\\2023-11-27\\2\\125\\WhatsApp Image 2023-11-13 at 11.45.12 AM.jpeg','/media/temp/211003023_Jannah Walid_e7bxk423.jpg','211003023_Jannah Walid',0.9966694712638855,'211003023_Jannah Walid',0.9998958110809326,'211003023_Jannah Walid',0.9904725551605225,'211003023_Jannah Walid',NULL,'0',12,76,'1'),('2',2465,'[897, 850, 105, 138]',0.9998979568481445,'D:\\1- ws.projects\\medface.webapp\\media/runs\\3\\1\\2023-11-27\\2\\125\\WhatsApp Image 2023-11-13 at 11.45.10 AM.jpeg','','211003768_Wesal Diyaa',0.9597039222717285,'211003768_Wesal Diyaa',0.9414207935333252,'211002299_Zayneb Soliman',0.9045591354370117,'211003768_Wesal Diyaa',NULL,'0',12,98,'1'),('5',2466,'[1699, 1731, 194, 237]',0.9941701889038086,'D:\\1- ws.projects\\medface.webapp\\media/runs\\3\\1\\2023-11-27\\2\\125\\WhatsApp Image 2023-09-30 at 2.27.48 PM.jpeg','/media/temp/211010811_Heba Elsayem_p5jh1h1e.jpg','211010811_Heba Elsayem',0.9996379613876343,'211010811_Heba Elsayem',0.9999068975448608,'211010811_Heba Elsayem',0.9999997615814209,'211010811_Heba Elsayem',NULL,'0',12,126,'1'),('5',2467,NULL,NULL,NULL,'',NULL,NULL,NULL,NULL,NULL,NULL,NULL,NULL,'0',12,153,'0'),('5',2468,NULL,NULL,NULL,'',NULL,NULL,NULL,NULL,NULL,NULL,NULL,NULL,'0',12,164,'0'),('5',2469,NULL,NULL,NULL,'',NULL,NULL,NULL,NULL,NULL,NULL,NULL,NULL,'0',12,13,'0'),('5',2470,NULL,NULL,NULL,'',NULL,NULL,NULL,NULL,NULL,NULL,NULL,NULL,'0',12,25,'0'),('2',2471,'[1247, 1085, 102, 127]',0.99365234375,'D:\\1- ws.projects\\medface.webapp\\media/runs\\3\\1\\2023-11-27\\2\\125\\WhatsApp Image 2023-11-13 at 11.45.12 AM.jpeg','','211003042_Mahmoud Ossama',0.2330678552389145,'211000798_Fliopater Gadallah',0.9570077061653137,'211003775_Ammar Yasser',0.8447043895721436,'211000798_Fliopater Gadallah',NULL,'0',12,36,'1'),('2',2472,'[2293, 1060, 98, 122]',0.9971413016319275,'D:\\1- ws.projects\\medface.webapp\\media/runs\\3\\1\\2023-11-27\\2\\125\\WhatsApp Image 2023-11-13 at 11.45.12 AM.jpeg','','211001669_Mina Louise',0.999945878982544,'211001669_Mina Louise',0.9649108648300171,'211001669_Mina Louise',0.990407407283783,'211001669_Mina Louise',NULL,'0',12,49,'1'),('2',2473,'[2206, 1310, 84, 100]',0.9803778529167175,'D:\\1- ws.projects\\medface.webapp\\media/runs\\3\\1\\2023-11-27\\2\\125\\WhatsApp Image 2023-11-13 at 11.45.11 AM.jpeg','/media/temp/211010753_Yassin Kafrawy_o3dbe7dl.jpg','211010753_Yassin Kafrawy',0.3659552037715912,'211010753_Yassin Kafrawy',0.8712984323501587,'212001217_Ibrahim Elmahdy',0.5219293832778931,'211010753_Yassin Kafrawy',NULL,'0',12,123,'1'),('2',2474,'[871, 1385, 98, 121]',0.9965896606445312,'D:\\1- ws.projects\\medface.webapp\\media/runs\\3\\1\\2023-11-27\\2\\125\\WhatsApp Image 2023-11-13 at 11.45.11 AM.jpeg','/media/temp/211010973_Zina Fayez_hiy35d68.jpg','211010973_Zina Fayez',0.29398977756500244,'211010973_Zina Fayez',0.46243229508399963,'211000720_Ponsieh Samer',0.4404984414577484,'211010973_Zina Fayez',NULL,'0',12,133,'1'),('5',2475,NULL,NULL,NULL,'',NULL,NULL,NULL,NULL,NULL,NULL,NULL,NULL,'0',12,141,'0'),('5',2476,NULL,NULL,NULL,'',NULL,NULL,NULL,NULL,NULL,NULL,NULL,NULL,'0',12,146,'0'),('2',2477,'[3387, 1028, 99, 126]',0.9995573163032532,'D:\\1- ws.projects\\medface.webapp\\media/runs\\3\\1\\2023-11-27\\2\\125\\WhatsApp Image 2023-11-13 at 11.45.12 AM.jpeg','/media/temp/211011273_Shahd Roushdy_klj2p74m.jpg','211011273_Shahd Roushdy',0.8425281643867493,'211011273_Shahd Roushdy',0.9871494174003601,'211010040_Zainab Ibrahim',0.9999583959579468,'211011273_Shahd Roushdy',NULL,'0',12,150,'1'),('5',2478,NULL,NULL,NULL,'',NULL,NULL,NULL,NULL,NULL,NULL,NULL,NULL,'0',12,155,'0'),('5',2479,NULL,NULL,NULL,'',NULL,NULL,NULL,NULL,NULL,NULL,NULL,NULL,'0',12,10,'0'),('2',2480,'[3552, 1031, 77, 96]',0.9921585321426392,'D:\\1- ws.projects\\medface.webapp\\media/runs\\3\\1\\2023-11-27\\2\\125\\WhatsApp Image 2023-11-13 at 11.45.12 AM.jpeg','','211000266_Aya Hisham',0.9727951288223267,'211010638_Mohamed Nazieh',0.7323169708251953,'211000072_Ahmed Agawany',0.7597318291664124,'211000266_Aya Hisham',NULL,'0',12,11,'1'),('5',2481,NULL,NULL,NULL,'',NULL,NULL,NULL,NULL,NULL,NULL,NULL,NULL,'0',12,30,'0'),('2',2482,'[154, 1480, 153, 198]',0.9999792575836182,'D:\\1- ws.projects\\medface.webapp\\media/runs\\3\\1\\2023-11-27\\2\\125\\WhatsApp Image 2023-11-13 at 11.45.11 AM.jpeg','/media/temp/211000778_Abdel Rahman Wael_a3taimka.jpg','211000778_Abdel Rahman Wael',0.7546489238739014,'211000778_Abdel Rahman Wael',0.926638662815094,'211002299_Zayneb Soliman',0.9124007821083069,'211000778_Abdel Rahman Wael',NULL,'0',12,33,'1'),('5',2483,'[2537, 1202, 55, 60]',0.9874172210693359,'D:\\1- ws.projects\\medface.webapp\\media/runs\\3\\1\\2023-11-27\\2\\125\\WhatsApp Image 2023-09-30 at 2.27.48 PM.jpeg','/media/temp/211001676_Kerolous Youssef_xh9zrd22.jpg','211010553_karim Mohsen',0.8484607338905334,'211001676_Kerolous Youssef',0.9579166173934937,'211010973_Zina Fayez',0.9144185781478882,'211001676_Kerolous Youssef',NULL,'0',12,50,'1'),('2',2484,'[925, 1128, 110, 146]',0.9940324425697327,'D:\\1- ws.projects\\medface.webapp\\media/runs\\3\\1\\2023-11-27\\2\\125\\WhatsApp Image 2023-11-13 at 11.45.12 AM.jpeg','','211011035_Abdelrahman Seddik',0.35021674633026123,'211010968_Youssef Ali',0.9920129179954529,'211008096_Omar Ossama',0.9968385696411133,'211008096_Omar Ossama',NULL,'0',12,104,'1'),('2',2485,'[2117, 959, 69, 86]',0.9998624324798584,'D:\\1- ws.projects\\medface.webapp\\media/runs\\3\\1\\2023-11-27\\2\\125\\WhatsApp Image 2023-11-13 at 11.45.12 AM.jpeg','/media/temp/211011070_Jana Ossama_agbkfqbq.jpg','211011070_Jana Ossama',0.9923559427261353,'211011070_Jana Ossama',0.9980143308639526,'211011070_Jana Ossama',1,'211011070_Jana Ossama',NULL,'0',12,137,'1'),('2',2486,'[915, 1412, 315, 363]',0.9999115467071533,'D:\\1- ws.projects\\medface.webapp\\media/runs\\3\\1\\2023-11-27\\2\\125\\WhatsApp Image 2023-11-13 at 11.45.12 AM.jpeg','/media/temp/211011153_Ahmed Gabr_l4mvy71z.jpg','211011153_Ahmed Gabr',0.9999758005142212,'211011153_Ahmed Gabr',0.9999405145645142,'211011153_Ahmed Gabr',1,'211011153_Ahmed Gabr',NULL,'0',12,142,'1'),('5',2487,'[1071, 1430, 134, 166]',0.9992409944534302,'D:\\1- ws.projects\\medface.webapp\\media/runs\\3\\1\\2023-11-27\\2\\125\\WhatsApp Image 2023-09-30 at 2.27.48 PM.jpeg','/media/temp/212001034_Mohamed Sabry_tm349yny.jpg','212001034_Mohamed Sabry',0.9999301433563232,'212001034_Mohamed Sabry',0.999980092048645,'212001034_Mohamed Sabry',0.9996352195739746,'212001034_Mohamed Sabry',NULL,'0',12,156,'1'),('2',2488,'[3211, 1074, 104, 131]',0.9999774694442749,'D:\\1- ws.projects\\medface.webapp\\media/runs\\3\\1\\2023-11-27\\2\\125\\WhatsApp Image 2023-11-13 at 11.45.12 AM.jpeg','/media/temp/212001377_Mohamed Hatem_cz9tc_c_.jpg','212001377_Mohamed Hatem',0.9999666213989258,'212001377_Mohamed Hatem',0.9999920129776001,'212001377_Mohamed Hatem',0.9999699592590332,'212001377_Mohamed Hatem',NULL,'0',12,166,'1'),('2',2489,'[1774, 964, 50, 63]',0.9998480081558228,'D:\\1- ws.projects\\medface.webapp\\media/runs\\3\\1\\2023-11-27\\2\\125\\WhatsApp Image 2023-11-13 at 11.45.12 AM.jpeg','/media/temp/211001927_Hanin Zahran_usgg7byy.jpg','211001927_Hanin Zahran',0.9939273595809937,'211001927_Hanin Zahran',0.9830134510993958,'211000266_Aya Hisham',0.7578280568122864,'211001927_Hanin Zahran',NULL,'0',12,55,'1'),('2',2490,'[737, 986, 93, 115]',0.9991632699966431,'D:\\1- ws.projects\\medface.webapp\\media/runs\\3\\1\\2023-11-27\\2\\125\\WhatsApp Image 2023-11-13 at 11.45.12 AM.jpeg','','211002432_Youssef Sherif',0.9232033491134644,'211002432_Youssef Sherif',0.9999961853027344,'211000548_Hazim Mostafa',0.9841852188110352,'211002432_Youssef Sherif',NULL,'0',12,60,'1'),('5',2491,NULL,NULL,NULL,'',NULL,NULL,NULL,NULL,NULL,NULL,NULL,NULL,'0',12,74,'0'),('2',2492,'[607, 821, 118, 147]',0.9990507960319519,'D:\\1- ws.projects\\medface.webapp\\media/runs\\3\\1\\2023-11-27\\2\\125\\WhatsApp Image 2023-11-13 at 11.45.10 AM.jpeg','','211003042_Mahmoud Ossama',0.9978918433189392,'211003042_Mahmoud Ossama',0.994191586971283,'211003042_Mahmoud Ossama',1,'211003042_Mahmoud Ossama',NULL,'0',12,77,'1'),('2',2493,'[918, 690, 68, 82]',0.9999264478683472,'D:\\1- ws.projects\\medface.webapp\\media/runs\\3\\1\\2023-11-27\\2\\125\\WhatsApp Image 2023-11-13 at 11.45.10 AM.jpeg','','211003470_Safa Alaa',0.9466405510902405,'211003470_Safa Alaa',0.9880316257476807,'211000535_Hanaa Islam',0.8154307007789612,'211003470_Safa Alaa',NULL,'0',12,85,'1'),('5',2494,'[2853, 1440, 95, 119]',0.998847246170044,'D:\\1- ws.projects\\medface.webapp\\media/runs\\3\\1\\2023-11-27\\2\\125\\WhatsApp Image 2023-09-30 at 2.27.48 PM.jpeg','/media/temp/211003660_Habiba Mohamed_4qhbdjbq.jpg','211003660_Habiba Mohamed',0.9995359182357788,'211003660_Habiba Mohamed',0.9992768168449402,'211003660_Habiba Mohamed',1,'211003660_Habiba Mohamed',NULL,'0',12,92,'1'),('5',2495,NULL,NULL,NULL,'',NULL,NULL,NULL,NULL,NULL,NULL,NULL,NULL,'0',12,102,'0'),('5',2496,NULL,NULL,NULL,'',NULL,NULL,NULL,NULL,NULL,NULL,NULL,NULL,'0',12,128,'0'),('5',2497,NULL,NULL,NULL,'',NULL,NULL,NULL,NULL,NULL,NULL,NULL,NULL,'0',12,168,'0'),('5',2498,'[3207, 1294, 68, 87]',0.9999663829803467,'D:\\1- ws.projects\\medface.webapp\\media/runs\\3\\1\\2023-11-27\\2\\125\\WhatsApp Image 2023-09-30 at 2.27.48 PM.jpeg','/media/temp/231001961_Amr Hablas_b0mkcexz.jpg','231001961_Amr Hablas',0.8093405365943909,'231001961_Amr Hablas',0.9999793767929077,'212001084_Assem Mohamed',0.9999209642410278,'231001961_Amr Hablas',NULL,'0',12,169,'1'),('5',2499,NULL,NULL,NULL,'',NULL,NULL,NULL,NULL,NULL,NULL,NULL,NULL,'1',11,101,'0');
/*!40000 ALTER TABLE `medapp_medsessionperson` ENABLE KEYS */;
UNLOCK TABLES;

--
-- Table structure for table `medapp_person`
--

DROP TABLE IF EXISTS `medapp_person`;
/*!40101 SET @saved_cs_client     = @@character_set_client */;
/*!50503 SET character_set_client = utf8mb4 */;
CREATE TABLE `medapp_person` (
  `id` int NOT NULL AUTO_INCREMENT,
  `regno` varchar(15) NOT NULL,
  `fullname` varchar(450) NOT NULL,
  `arname` varchar(450) NOT NULL,
  `year` varchar(1) NOT NULL,
  `year_b` varchar(20) NOT NULL,
  `group` varchar(2) NOT NULL,
  `label` varchar(100) NOT NULL,
  `modifytime` datetime(6) NOT NULL,
  `personal_photo_url` varchar(200) DEFAULT NULL,
  PRIMARY KEY (`id`),
  UNIQUE KEY `regno` (`regno`)
) ENGINE=InnoDB AUTO_INCREMENT=170 DEFAULT CHARSET=utf8mb4 COLLATE=utf8mb4_0900_ai_ci;
/*!40101 SET character_set_client = @saved_cs_client */;

--
-- Dumping data for table `medapp_person`
--

LOCK TABLES `medapp_person` WRITE;
/*!40000 ALTER TABLE `medapp_person` DISABLE KEYS */;
INSERT INTO `medapp_person` VALUES (1,'20100297','Ahmed Yasser','    ','3','22-26','3','20100297_Ahmed Yasser','2023-10-18 10:27:15.114745','/media/y3.personal/20100297_Ahmed Yasser/20230923_115440.jpg'),(2,'211000007','Maryam Tamer','   ','3','22-26','1','211000007_Maryam Tamer','2023-10-18 10:27:15.203610','/media/y3.personal/211000007_Maryam Tamer/img_4367.jpg'),(3,'211000053','Rahaf Ibrahim','    ','3','22-26','12','211000053_Rahaf Ibrahim','2023-10-18 10:27:15.241268','/media/y3.personal/211000053_Rahaf Ibrahim/20230924_103502(0).jpg'),(4,'211000072','Ahmed Agawany','     ','3','22-26','10','211000072_Ahmed Agawany','2023-10-18 10:27:15.282948','/media/y3.personal/211000072_Ahmed Agawany/20230923_104132(0).jpg'),(5,'211000099','Hajer Barakat','   ','3','22-26','10','211000099_Hajer Barakat','2023-10-18 10:27:15.334247','/media/y3.personal/211000099_Hajer Barakat/20230923_091018.jpg'),(6,'211000104','Menna Elswefy','     ','3','22-26','9','211000104_Menna Elswefy','2023-10-18 10:27:15.501286','/media/y3.personal/211000104_Menna Elswefy/img_4313.jpg'),(7,'211000124','Retan Hazim','   ','3','22-26','5','211000124_Retan Hazim','2023-10-18 10:27:15.551228','/media/y3.personal/211000124_Retan Hazim/20230923_122512.jpg'),(8,'211000137','Marwan Elkordy','   ','3','22-26','9','211000137_Marwan Elkordy','2023-10-18 10:27:15.600431','/media/y3.personal/211000137_Marwan Elkordy/20230923_102342(0).jpg'),(9,'211000151','Bassant Gamal Eldin','     ','3','22-26','7','211000151_Bassant Gamal Eldin','2023-10-18 10:27:15.634114','/media/y3.personal/211000151_Bassant Gamal Eldin/20230923_122805.jpg'),(10,'211000157','Menna Shamsiya','     ','3','22-26','15','211000157_Menna Shamsiya','2023-10-18 10:27:15.650826','/media/y3.personal/211000157_Menna Shamsiya/20230923_101502.jpg'),(11,'211000266','Aya Hisham','    ','3','22-26','15','211000266_Aya Hisham','2023-10-18 10:27:15.667534','/media/y3.personal/211000266_Aya Hisham/20230923_101540.jpg'),(12,'211000278','Belal Hany','      ','3','22-26','13','211000278_Belal Hany','2023-10-18 10:27:15.701227','/media/y3.personal/211000278_Belal Hany/20230923_121434.jpg'),(13,'211000280','Rown Adil','    ','3','22-26','14','211000280_Rown Adil','2023-10-18 10:27:15.717043','/media/y3.personal/211000280_Rown Adil/20230923_101129.jpg'),(14,'211000370','Saif Zaky','   ','3','22-26','2','211000370_Saif Zaky','2023-10-18 10:27:15.766875','/media/y3.personal/211000370_Saif Zaky/20230923_121321(0).jpg'),(15,'211000378','Reem Hafez','   ','3','22-26','8','211000378_Reem Hafez','2023-10-18 10:27:15.817079','/media/y3.personal/211000378_Reem Hafez/20230930_101347.jpg'),(16,'211000406','Rana Badr','    ','3','22-26','5','211000406_Rana Badr','2023-10-18 10:27:15.834441','/media/y3.personal/211000406_Rana Badr/20230923_122603.jpg'),(17,'211000408','Mohamed Saleh','   ','3','22-26','7','211000408_Mohamed Saleh','2023-10-18 10:27:15.884421','/media/y3.personal/211000408_Mohamed Saleh/20230923_121827.jpg'),(18,'211000422','Hana Elserafy','    ','3','22-26','4','211000422_Hana Elserafy','2023-10-19 09:36:16.447973','/media/y3.personal/211000422_Hana Elserafy/20230930_120913.jpg'),(19,'211000531','Haneen Mesbah','   ','3','22-26','13','211000531_Haneen Mesbah','2023-10-18 10:27:15.951311','/media/y3.personal/211000531_Haneen Mesbah/whatsapp image 2023-10-04 at 12.08.27 pm.jpg'),(20,'211000535','Hanaa Islam','   ','3','22-26','13','211000535_Hanaa Islam','2023-10-18 10:27:15.999846','/media/y3.personal/211000535_Hanaa Islam/20230923_102210.jpg'),(21,'211000539','Logyn Attify','    ','3','22-26','11','211000539_Logyn Attify','2023-10-18 10:27:16.028929','/media/y3.personal/211000539_Logyn Attify/20230923_092637.jpg'),(22,'211000547','Merna Khalid','    ','3','22-26','1','211000547_Merna Khalid','2023-10-18 10:27:16.051009','/media/y3.personal/211000547_Merna Khalid/20230923_122108.jpg'),(23,'211000548','Hazim Mostafa','    ','3','22-26','12','211000548_Hazim Mostafa','2023-10-18 10:27:16.270979','/media/y3.personal/211000548_Hazim Mostafa/20230923_100241(0).jpg'),(24,'211000551','Farah Alian','    ','3','22-26','6','211000551_Farah Alian','2023-10-18 10:27:16.333748','/media/y3.personal/211000551_Farah Alian/20230923_121922.jpg'),(25,'211000559','Alaa Harraz','     ','3','22-26','14','211000559_Alaa Harraz','2023-10-18 10:27:16.396290','/media/y3.personal/211000559_Alaa Harraz/20230923_100208.jpg'),(26,'211000593','Menna Refaat','    ','3','22-26','11','211000593_Menna Refaat','2023-10-18 10:27:16.531674','/media/y3.personal/211000593_Menna Refaat/20230930_130933(0).jpg'),(27,'211000649','Nourhan Zanaty','     ','3','22-26','11','211000649_Nourhan Zanaty','2023-10-18 10:27:16.615813','/media/y3.personal/211000649_Nourhan Zanaty/20230924_101350.jpg'),(28,'211000712','Mazin Bahnasy','    ','3','22-26','10','211000712_Mazin Bahnasy','2023-10-18 10:27:16.757307','/media/y3.personal/211000712_Mazin Bahnasy/20230923_104050.jpg'),(29,'211000718','Fredy Emad','   ','3','22-26','9','211000718_Fredy Emad','2023-10-18 10:27:16.882829','/media/y3.personal/211000718_Fredy Emad/img_4292.jpg'),(30,'211000720','Ponsieh Samer','     ','3','22-26','15','211000720_Ponsieh Samer','2023-10-18 10:27:16.961325','/media/y3.personal/211000720_Ponsieh Samer/20230923_101428.jpg'),(31,'211000767','Mahmoud Attian','   ','3','22-26','11','211000767_Mahmoud Attian','2023-10-18 10:27:16.992740','/media/y3.personal/211000767_Mahmoud Attian/20230923_094749.jpg'),(32,'211000768','Renad Ashraf','    ','3','22-26','2','211000768_Renad Ashraf','2023-10-18 10:27:17.024122','/media/y3.personal/211000768_Renad Ashraf/20230923_124134(0).jpg'),(33,'211000778','Abdel Rahman Wael','    ','3','22-26','15','211000778_Abdel Rahman Wael','2023-10-18 10:27:17.040158','/media/y3.personal/211000778_Abdel Rahman Wael/20230923_112715(0).jpg'),(34,'211000784','Mohamed Ossama','    ','3','22-26','13','211000784_Mohamed Ossama','2023-10-18 10:27:17.056007','/media/y3.personal/211000784_Mohamed Ossama/20230923_100927.jpg'),(35,'211000795','Omar Amin','   ','3','22-26','2','211000795_Omar Amin','2023-10-18 10:27:17.071420','/media/y3.personal/211000795_Omar Amin/img_4525.jpg'),(36,'211000798','Fliopater Gadallah','    ','3','22-26','14','211000798_Fliopater Gadallah','2023-10-18 10:27:17.102670','/media/y3.personal/211000798_Fliopater Gadallah/20230923_101225.jpg'),(37,'211000800','Karim Elsamadisy','   ','3','22-26','12','211000800_Karim Elsamadisy','2023-10-18 10:27:17.134310','/media/y3.personal/211000800_Karim Elsamadisy/20230923_112558.jpg'),(38,'211000809','Maryam Elsayed','    ','3','22-26','11','211000809_Maryam Elsayed','2023-10-18 10:27:17.149944','/media/y3.personal/211000809_Maryam Elsayed/20230923_092753.jpg'),(39,'211000858','Nermine Essam','    ','3','22-26','3','211000858_Nermine Essam','2023-10-18 10:27:17.181194','/media/y3.personal/211000858_Nermine Essam/20230930_114710.jpg'),(40,'211000864','Hazem Elsayed','   ','3','22-26','4','211000864_Hazem Elsayed','2023-10-18 10:27:17.196820','/media/y3.personal/211000864_Hazem Elsayed/20230923_123830.jpg'),(41,'211000869','Walid Bahlol','   ','3','22-26','9','211000869_Walid Bahlol','2023-10-18 10:27:17.244080','/media/y3.personal/211000869_Walid Bahlol/20230923_094821.jpg'),(42,'211000898','Maryam Sabry','     ','3','22-26','1','211000898_Maryam Sabry','2023-10-18 10:27:17.275337','/media/y3.personal/211000898_Maryam Sabry/20230923_123017(0).jpg'),(43,'211000977','Mohamed Younis','    ','3','22-26','3','211000977_Mohamed Younis','2023-10-18 10:27:17.290963','/media/y3.personal/211000977_Mohamed Younis/20231008_133153.jpg'),(44,'211001167','Mostafa Ashraf','   ','3','22-26','8','211001167_Mostafa Ashraf','2023-10-18 10:27:17.333255','/media/y3.personal/211001167_Mostafa Ashraf/img_4647.jpg'),(45,'211001178','Mohamed Elgazar','   ','3','22-26','7','211001178_Mohamed Elgazar','2023-10-18 10:27:17.338262','/media/y3.personal/211001178_Mohamed Elgazar/20231009_114540.jpg'),(46,'211001436','Ahmed Hassan','   ','3','22-26','6','211001436_Ahmed Hassan','2023-10-18 10:27:17.353895','/media/y3.personal/211001436_Ahmed Hassan/20231009_091333.jpg'),(47,'211001452','Heba Ehab','    ','3','22-26','4','211001452_Heba Ehab','2023-10-18 10:27:17.400770','/media/y3.personal/211001452_Heba Ehab/20230930_120945(0).jpg'),(48,'211001492','Tya Yasser','    ','3','22-26','4','211001492_Tya Yasser','2023-10-18 10:27:17.433525','/media/y3.personal/211001492_Tya Yasser/20230923_124045.jpg'),(49,'211001669','Mina Louise','    ','3','22-26','14','211001669_Mina Louise','2023-10-18 10:27:17.448031','/media/y3.personal/211001669_Mina Louise/20230923_100444.jpg'),(50,'211001676','Kerolous Youssef','   ','3','22-26','15','211001676_Kerolous Youssef','2023-10-18 10:27:17.479289','/media/y3.personal/211001676_Kerolous Youssef/20230923_103306(0).jpg'),(51,'211001707','Karim Hashim','   ','3','22-26','10','211001707_Karim Hashim','2023-10-18 10:27:17.510571','/media/y3.personal/211001707_Karim Hashim/20230923_094959.jpg'),(52,'211001708','Hana Hesham','    ','3','22-26','1','211001708_Hana Hesham','2023-10-18 10:27:17.554765','/media/y3.personal/211001708_Hana Hesham/img_4481.jpg'),(53,'211001914','Arwah Ahmed','    ','3','22-26','4','211001914_Arwah Ahmed','2023-10-18 10:27:17.571260','/media/y3.personal/211001914_Arwah Ahmed/20230923_121252.jpg'),(54,'211001921','Maya Abdo','   ','3','22-26','13','211001921_Maya Abdo','2023-10-18 10:27:17.586935','/media/y3.personal/211001921_Maya Abdo/20230923_102138.jpg'),(55,'211001927','Hanin Zahran','    ','3','22-26','16','211001927_Hanin Zahran','2023-10-18 10:27:17.633696','/media/y3.personal/211001927_Hanin Zahran/img_4393.jpg'),(56,'211002119','Nada Ashoush','     ','3','22-26','8','211002119_Nada Ashoush','2023-10-18 10:27:17.649376','/media/y3.personal/211002119_Nada Ashoush/img_4711.jpg'),(57,'211002262','Yousef Imam','    ','3','22-26','11','211002262_Yousef Imam','2023-10-18 10:27:17.680624','/media/y3.personal/211002262_Yousef Imam/20230923_104515.jpg'),(58,'211002299','Zayneb Soliman','    ','3','22-26','3','211002299_Zayneb Soliman','2023-10-18 10:27:17.711875','/media/y3.personal/211002299_Zayneb Soliman/20230923_120959(0).jpg'),(59,'211002333','Jasmin Hassan','    ','3','22-26','7','211002333_Jasmin Hassan','2023-10-18 10:27:17.774876','/media/y3.personal/211002333_Jasmin Hassan/img_4557.jpg'),(60,'211002432','Youssef Sherif','    ','3','22-26','16','211002432_Youssef Sherif','2023-10-18 10:27:17.821925','/media/y3.personal/211002432_Youssef Sherif/20230923_110254.jpg'),(61,'211002523','Moaz Abdel Raouf','    ','3','22-26','4','211002523_Moaz Abdel Raouf','2023-10-18 10:27:17.854030','/media/y3.personal/211002523_Moaz Abdel Raouf/20231007_103128.jpg'),(62,'211002588','Ahmed Abdel Moez','     ','3','22-26','12','211002588_Ahmed Abdel Moez','2023-10-18 10:27:17.869625','/media/y3.personal/211002588_Ahmed Abdel Moez/20230930_133901.jpg'),(63,'211002591','Aliaa Hablas','   ','3','22-26','1','211002591_Aliaa Hablas','2023-10-18 10:27:17.900694','/media/y3.personal/211002591_Aliaa Hablas/img_4471.jpg'),(64,'211002656','Nabil Oraby','   ','3','22-26','2','211002656_Nabil Oraby','2023-10-18 10:27:17.933953','/media/y3.personal/211002656_Nabil Oraby/20230923_120352 - copy.jpg'),(65,'211002669','Ranah Elsayed','   ','3','22-26','1','211002669_Ranah Elsayed','2023-10-18 10:27:17.947964','/media/y3.personal/211002669_Ranah Elsayed/20230923_121203.jpg'),(66,'211002693','Alaa Hassan','    ','3','22-26','6','211002693_Alaa Hassan','2023-10-18 10:27:17.979492','/media/y3.personal/211002693_Alaa Hassan/20230923_123730.jpg'),(67,'211002699','Karim Shaalan','     ','3','22-26','8','211002699_Karim Shaalan','2023-10-18 10:27:18.010488','/media/y3.personal/211002699_Karim Shaalan/20230924_101749.jpg'),(68,'211002717','Heba Hammam','    ','3','22-26','9','211002717_Heba Hammam','2023-10-18 10:27:18.089347','/media/y3.personal/211002717_Heba Hammam/20230923_094918.jpg'),(69,'211002721','Bassmala El Hashimy','   ','3','22-26','3','211002721_Bassmala El Hashimy','2023-10-18 10:27:18.199385','/media/y3.personal/211002721_Bassmala El Hashimy/20230923_122207.jpg'),(70,'211002785','Amal Arafa','   ','3','22-26','7','211002785_Amal Arafa','2023-10-18 10:27:18.215009','/media/y3.personal/211002785_Amal Arafa/20230923_122856.jpg'),(71,'211002789','Lama Galal','   ','3','22-26','12','211002789_Lama Galal','2023-10-18 10:27:18.262435','/media/y3.personal/211002789_Lama Galal/20230923_093622.jpg'),(72,'211002967','Solan Amgad','   ','3','22-26','5','211002967_Solan Amgad','2023-10-18 10:27:18.324941','/media/y3.personal/211002967_Solan Amgad/20230924_101645.jpg'),(73,'211002984','Abdallah Emad','   ','3','22-26','13','211002984_Abdallah Emad','2023-10-18 10:27:18.341230','/media/y3.personal/211002984_Abdallah Emad/whatsapp image 2023-09-30 at 12.14.44 pm (1).jpg'),(74,'211002997','Ahmed Attiah','     ','3','22-26','16','211002997_Ahmed Attiah','2023-10-18 10:27:18.403967','/media/y3.personal/211002997_Ahmed Attiah/20230924_101718.jpg'),(75,'211003011','Menna Sabry','     ','3','22-26','6','211003011_Menna Sabry','2023-10-18 10:27:18.419560','/media/y3.personal/211003011_Menna Sabry/20230923_123239.jpg'),(76,'211003023','Jannah Walid','    ','3','22-26','13','211003023_Jannah Walid','2023-10-18 10:27:18.435733','/media/y3.personal/211003023_Jannah Walid/20230924_103600.jpg'),(77,'211003042','Mahmoud Ossama','    ','3','22-26','16','211003042_Mahmoud Ossama','2023-10-18 10:27:18.451372','/media/y3.personal/211003042_Mahmoud Ossama/img_4617.jpg'),(78,'211003094','Asser Mahmoud','   ','3','22-26','11','211003094_Asser Mahmoud','2023-10-18 10:27:18.467263','/media/y3.personal/211003094_Asser Mahmoud/20230923_090906.jpg'),(79,'211003183','Donia Mohamed','   ','3','22-26','3','211003183_Donia Mohamed','2023-10-18 10:27:18.482888','/media/y3.personal/211003183_Donia Mohamed/20230923_123405.jpg'),(80,'211003211','Youssef Tantawy','   ','3','22-26','4','211003211_Youssef Tantawy','2023-10-18 10:27:18.498438','/media/y3.personal/211003211_Youssef Tantawy/20230923_121558.jpg'),(81,'211003252','Sherif Ashraf','    ','3','22-26','8','211003252_Sherif Ashraf','2023-10-18 10:27:18.514139','/media/y3.personal/211003252_Sherif Ashraf/20230923_124522.jpg'),(82,'211003335','Abdallah Saied','   ','3','22-26','6','211003335_Abdallah Saied','2023-10-18 10:27:18.534565','/media/y3.personal/211003335_Abdallah Saied/20230923_123912.jpg'),(83,'211003336','Sherihan Hassan','     ','3','22-26','5','211003336_Sherihan Hassan','2023-10-18 10:27:18.577265','/media/y3.personal/211003336_Sherihan Hassan/20230923_122404.jpg'),(84,'211003418','Ehab Saber','   ','3','22-26','8','211003418_Ehab Saber','2023-10-18 10:27:18.608514','/media/y3.personal/211003418_Ehab Saber/20230923_124003.jpg'),(85,'211003470','Safa Alaa','   ','3','22-26','16','211003470_Safa Alaa','2023-10-18 10:27:18.624141','/media/y3.personal/211003470_Safa Alaa/20230923_122005.jpg'),(86,'211003497','Abdel Rahman Hegazy','     ','3','22-26','12','211003497_Abdel Rahman Hegazy','2023-10-18 10:27:18.640430','/media/y3.personal/211003497_Abdel Rahman Hegazy/20230930_133617.jpg'),(87,'211003523','Ahmed Khamis','   ','3','22-26','11','211003523_Ahmed Khamis','2023-10-18 10:27:18.656333','/media/y3.personal/211003523_Ahmed Khamis/20230923_110216.jpg'),(88,'211003548','Janna Younis','   ','3','22-26','6','211003548_Janna Younis','2023-10-18 10:27:18.671960','/media/y3.personal/211003548_Janna Younis/20230930_101436.jpg'),(89,'211003626','Abdallah Salman','   ','3','22-26','3','211003626_Abdallah Salman','2023-10-18 10:27:18.687542','/media/y3.personal/211003626_Abdallah Salman/20230923_115855.jpg'),(90,'211003629','Sama Yasser','   ','3','22-26','1','211003629_Sama Yasser','2023-10-18 10:27:18.703129','/media/y3.personal/211003629_Sama Yasser/20230923_122725.jpg'),(91,'211003630','Yassmin Kandil','   ','3','22-26','8','211003630_Yassmin Kandil','2023-10-18 10:27:18.718606','/media/y3.personal/211003630_Yassmin Kandil/20230923_124250.jpg'),(92,'211003660','Habiba Mohamed','      ','3','22-26','16','211003660_Habiba Mohamed','2023-10-18 10:27:18.782268','/media/y3.personal/211003660_Habiba Mohamed/20230930_084239.jpg'),(93,'211003661','Jessica Mashally','   ','3','22-26','7','211003661_Jessica Mashally','2023-10-18 10:27:18.813517','/media/y3.personal/211003661_Jessica Mashally/20230923_122940.jpg'),(94,'211003707','Abdellatif Ahmed','    ','3','22-26','4','211003707_Abdellatif Ahmed','2023-10-18 10:27:18.835167','/media/y3.personal/211003707_Abdellatif Ahmed/img_4544.jpg'),(95,'211003737','Manar Shahin','   ','3','22-26','12','211003737_Manar Shahin','2023-10-18 10:27:18.845181','/media/y3.personal/211003737_Manar Shahin/20230924_101512.jpg'),(96,'211003745','Ahmed Medhat','     ','3','22-26','10','211003745_Ahmed Medhat','2023-10-18 10:27:18.861079','/media/y3.personal/211003745_Ahmed Medhat/20230923_093736.jpg'),(97,'211003760','Sarah El Kerdawi','   ','3','22-26','2','211003760_Sarah El Kerdawi','2023-10-18 10:27:18.876706','/media/y3.personal/211003760_Sarah El Kerdawi/whatsapp image 2023-09-25 at 12.11.01 pm (1).jpg'),(98,'211003768','Wesal Diyaa','   ','3','22-26','13','211003768_Wesal Diyaa','2023-10-18 10:27:18.892112','/media/y3.personal/211003768_Wesal Diyaa/20230923_101659.jpg'),(99,'211003775','Ammar Yasser','     ','3','22-26','7','211003775_Ammar Yasser','2023-10-18 10:27:18.907958','/media/y3.personal/211003775_Ammar Yasser/20230923_132739.jpg'),(100,'211003889','Mahmoud Yehia','   ','3','22-26','1','211003889_Mahmoud Yehia','2023-10-18 10:27:18.923535','/media/y3.personal/211003889_Mahmoud Yehia/20230923_122653.jpg'),(101,'211007008','Youssef Ettman','    ','3','22-26','2','211007008_Youssef Ettman','2023-10-18 10:27:18.939784','/media/y3.personal/211007008_Youssef Ettman/img_4594.jpg'),(102,'211008086','Nour Mohsen','    ','3','22-26','16','211008086_Nour Mohsen','2023-10-18 10:27:18.955422','/media/y3.personal/211008086_Nour Mohsen/20230923_110333.jpg'),(103,'211008088','Rana Yasser','    ','3','22-26','2','211008088_Rana Yasser','2023-10-18 10:27:18.986712','/media/y3.personal/211008088_Rana Yasser/20230923_120622.jpg'),(104,'211008096','Omar Ossama','   ','3','22-26','15','211008096_Omar Ossama','2023-10-18 10:27:18.986712','/media/y3.personal/211008096_Omar Ossama/20230923_115624.jpg'),(105,'211008694','Sarah Harmoush','   ','3','22-26','5','211008694_Sarah Harmoush','2023-10-18 10:27:19.018197','/media/y3.personal/211008694_Sarah Harmoush/img_4442.jpg'),(106,'211008759','Sief Atta','      ','3','22-26','3','211008759_Sief Atta','2023-10-18 10:27:19.033814','/media/y3.personal/211008759_Sief Atta/20230923_112837.jpg'),(107,'211008767','Merna Nasser','     ','3','22-26','11','211008767_Merna Nasser','2023-10-18 10:27:19.066043','/media/y3.personal/211008767_Merna Nasser/20230923_092714(0).jpg'),(108,'211008839','Mostafa Serah','   ','3','22-26','5','211008839_Mostafa Serah','2023-10-18 10:27:19.097294','/media/y3.personal/211008839_Mostafa Serah/20230923_121649.jpg'),(109,'211008843','John Nabil','   ','3','22-26','5','211008843_John Nabil','2023-10-18 10:27:19.112921','/media/y3.personal/211008843_John Nabil/20230923_121737.jpg'),(110,'211008964','Ahmed Elfeel','     ','3','22-26','12','211008964_Ahmed Elfeel','2023-10-18 10:27:19.128545','/media/y3.personal/211008964_Ahmed Elfeel/whatsapp image 2023-09-30 at 12.14.08 pm (1).jpg'),(111,'211009356','Mostafa Abdel Halim','     ','3','22-26','6','211009356_Mostafa Abdel Halim','2023-10-18 10:27:19.191982','/media/y3.personal/211009356_Mostafa Abdel Halim/20231008_133048.jpg'),(112,'211010040','Zainab Ibrahim','     ','3','22-26','3','211010040_Zainab Ibrahim','2023-10-18 10:27:19.239522','/media/y3.personal/211010040_Zainab Ibrahim/20230930_101528.jpg'),(113,'211010102','Fatma Elzahraa Emad','    ','3','22-26','10','211010102_Fatma Elzahraa Emad','2023-10-18 10:27:19.255320','/media/y3.personal/211010102_Fatma Elzahraa Emad/20230930_130827.jpg'),(114,'211010129','Mennah Mostafa','    ','3','22-26','4','211010129_Mennah Mostafa','2023-10-18 10:27:19.286445','/media/y3.personal/211010129_Mennah Mostafa/20230923_124210.jpg'),(115,'211010161','Salah Koriem','   ','3','22-26','9','211010161_Salah Koriem','2023-10-18 10:27:19.333560','/media/y3.personal/211010161_Salah Koriem/20230930_122152.jpg'),(116,'211010329','Antony Mamdouh','    ','3','22-26','9','211010329_Antony Mamdouh','2023-10-18 10:27:19.349854','/media/y3.personal/211010329_Antony Mamdouh/img_4302.jpg'),(117,'211010358','Arwah Saleh','     ','3','22-26','1','211010358_Arwah Saleh','2023-10-18 10:27:19.365758','/media/y3.personal/211010358_Arwah Saleh/20230923_120930.jpg'),(118,'211010553','karim Mohsen','    ','3','22-26','7','211010553_karim Mohsen','2023-10-18 10:27:19.381391','/media/y3.personal/211010553_karim Mohsen/img_4637.jpg'),(119,'211010638','Mohamed Nazieh','    ','3','22-26','7','211010638_Mohamed Nazieh','2023-10-18 10:27:19.412639','/media/y3.personal/211010638_Mohamed Nazieh/20230923_124556.jpg'),(120,'211010703','Omnia Shaaban','   ','3','22-26','10','211010703_Omnia Shaaban','2023-10-18 10:27:19.444233','/media/y3.personal/211010703_Omnia Shaaban/20230924_101437.jpg'),(121,'211010731','Nouran Khaled','   ','3','22-26','8','211010731_Nouran Khaled','2023-10-18 10:27:19.459906','/media/y3.personal/211010731_Nouran Khaled/img_4503.jpg'),(122,'211010750','Faris Rabie','  ','3','22-26','12','211010750_Faris Rabie','2023-10-18 10:27:19.475768','/media/y3.personal/211010750_Faris Rabie/20230923_100138(0).jpg'),(123,'211010753','Yassin Kafrawy','    ','3','22-26','14','211010753_Yassin Kafrawy','2023-10-18 10:27:19.507020','/media/y3.personal/211010753_Yassin Kafrawy/20230923_101953.jpg'),(124,'211010755','Arsany Fawzy','   ','3','22-26','6','211010755_Arsany Fawzy','2023-10-18 10:27:19.554228','/media/y3.personal/211010755_Arsany Fawzy/20230930_133714.jpg'),(125,'211010773','Ashrakat Hussien','   ','3','22-26','9','211010773_Ashrakat Hussien','2023-10-18 10:27:19.585442','/media/y3.personal/211010773_Ashrakat Hussien/20230930_120840.jpg'),(126,'211010811','Heba Elsayem','   ','3','22-26','13','211010811_Heba Elsayem','2023-10-18 10:27:19.616692','/media/y3.personal/211010811_Heba Elsayem/20230926_120847.jpg'),(127,'211010842','Eyad Gamal','     ','3','22-26','10','211010842_Eyad Gamal','2023-10-18 10:27:19.632318','/media/y3.personal/211010842_Eyad Gamal/20230923_095031.jpg'),(128,'211010869','Abd ElMasih Sabry','   ','3','22-26','16','211010869_Abd ElMasih Sabry','2023-10-18 10:27:19.652908','/media/y3.personal/211010869_Abd ElMasih Sabry/20231001_144418.jpg'),(129,'211010944','Kirollos William','   ','3','22-26','10','211010944_Kirollos William','2023-10-18 10:27:19.657040','/media/y3.personal/211010944_Kirollos William/20230930_130503.jpg'),(130,'211010960','Saleh Mohamed','   ','3','22-26','4','211010960_Saleh Mohamed','2023-10-18 10:27:19.672669','/media/y3.personal/211010960_Saleh Mohamed/img_4607.jpg'),(131,'211010967','Abdel Rahman El Hasafy','    ','3','22-26','12','211010967_Abdel Rahman El Hasafy','2023-10-18 10:27:19.688295','/media/y3.personal/211010967_Abdel Rahman El Hasafy/20230923_094635(0).jpg'),(132,'211010968','Youssef Ali','    ','3','22-26','11','211010968_Youssef Ali','2023-10-18 10:27:19.719550','/media/y3.personal/211010968_Youssef Ali/20230924_103649.jpg'),(133,'211010973','Zina Fayez','   ','3','22-26','14','211010973_Zina Fayez','2023-10-18 10:27:19.737214','/media/y3.personal/211010973_Zina Fayez/20230923_100545.jpg'),(134,'211011032','Abdel Rahman Farid','   ','3','22-26','8','211011032_Abdel Rahman Farid','2023-10-18 10:27:19.760555','/media/y3.personal/211011032_Abdel Rahman Farid/20230923_123530.jpg'),(135,'211011035','Abdelrahman Seddik','   ','3','22-26','5','211011035_Abdelrahman Seddik','2023-10-18 10:27:19.802618','/media/y3.personal/211011035_Abdelrahman Seddik/20230926_115958.jpg'),(136,'211011044','Bassem Nader','   ','3','22-26','6','211011044_Bassem Nader','2023-10-18 10:27:19.808399','/media/y3.personal/211011044_Bassem Nader/20230923_120801.jpg'),(137,'211011070','Jana Ossama','     ','3','22-26','15','211011070_Jana Ossama','2023-10-18 10:27:19.835916','/media/y3.personal/211011070_Jana Ossama/20230923_112059.jpg'),(138,'211011097','Maryam Shaltout','    ','3','22-26','5','211011097_Maryam Shaltout','2023-10-18 10:27:19.838996','/media/y3.personal/211011097_Maryam Shaltout/img_4454.jpg'),(139,'211011119','Khalid Essam','     ','3','22-26','5','211011119_Khalid Essam','2023-10-18 10:27:19.870327','/media/y3.personal/211011119_Khalid Essam/20230923_115550.jpg'),(140,'211011145','Abdel Rahman Saniour','    ','3','22-26','6','211011145_Abdel Rahman Saniour','2023-10-18 10:27:19.873423','/media/y3.personal/211011145_Abdel Rahman Saniour/20230923_123621.jpg'),(141,'211011152','Abdelrahman Ashour','   ','3','22-26','14','211011152_Abdelrahman Ashour','2023-10-18 10:27:19.902625','/media/y3.personal/211011152_Abdelrahman Ashour/20230924_103346.jpg'),(142,'211011153','Ahmed Gabr','    ','3','22-26','15','211011153_Ahmed Gabr','2023-10-18 10:27:19.917632','/media/y3.personal/211011153_Ahmed Gabr/img_4424.jpg'),(143,'211011174','Baraa Hamdy','   ','3','22-26','9','211011174_Baraa Hamdy','2023-10-18 10:27:19.935636','/media/y3.personal/211011174_Baraa Hamdy/20230930_122246.jpg'),(144,'211011177','Bassmalah Farag','    ','3','22-26','8','211011177_Bassmalah Farag','2023-10-18 10:27:19.951149','/media/y3.personal/211011177_Bassmalah Farag/20230923_122318.jpg'),(145,'211011222','Omar El Dakkak','  ','3','22-26','1','211011222_Omar El Dakkak','2023-10-18 10:27:19.955149','/media/y3.personal/211011222_Omar El Dakkak/20230923_124324.jpg'),(146,'211011225','Ahmed Sherief','   ','3','22-26','14','211011225_Ahmed Sherief','2023-10-18 10:27:20.020667','/media/y3.personal/211011225_Ahmed Sherief/20230923_101844.jpg'),(147,'211011237','Reeman Elsayed','   ','3','22-26','9','211011237_Reeman Elsayed','2023-10-18 10:27:20.035699','/media/y3.personal/211011237_Reeman Elsayed/20230923_091113.jpg'),(148,'211011260','Janah Shady','   ','3','22-26','2','211011260_Janah Shady','2023-10-18 10:27:20.038234','/media/y3.personal/211011260_Janah Shady/20230923_120504.jpg'),(149,'211011261','Lougin Shady','   ','3','22-26','2','211011261_Lougin Shady','2023-10-18 10:27:20.068920','/media/y3.personal/211011261_Lougin Shady/20230923_120548.jpg'),(150,'211011273','Shahd Roushdy','  ','3','22-26','14','211011273_Shahd Roushdy','2023-10-18 10:27:20.083950','/media/y3.personal/211011273_Shahd Roushdy/20230923_100715.jpg'),(151,'211011276','Abdallah Hisham','    ','3','22-26','10','211011276_Abdallah Hisham','2023-10-18 10:27:20.102714','/media/y3.personal/211011276_Abdallah Hisham/20230923_090742.jpg'),(152,'211012090','Magda Mohamed','  ','3','22-26','4','211012090_Magda Mohamed','2023-10-18 10:27:20.117736','/media/y3.personal/211012090_Magda Mohamed/20230923_120732.jpg'),(153,'212000100','Adham Ahmed','   ','3','22-26','13','212000100_Adham Ahmed','2023-10-18 10:27:20.153532','/media/y3.personal/212000100_Adham Ahmed/20230923_102024.jpg'),(154,'212001003','Abdelrahamn Barbary','  ','3','22-26','11','212001003_Abdelrahamn Barbary','2023-10-18 10:27:20.169159','/media/y3.personal/212001003_Abdelrahamn Barbary/whatsapp image 2023-09-30 at 12.13.16 pm.jpg'),(155,'212001020','Hamza Badawy','   ','3','22-26','14','212001020_Hamza Badawy','2023-10-18 10:27:20.184784','/media/y3.personal/212001020_Hamza Badawy/20230923_102050(0).jpg'),(156,'212001034','Mohamed Sabry','   ','3','22-26','15','212001034_Mohamed Sabry','2023-10-18 10:27:20.200409','/media/y3.personal/212001034_Mohamed Sabry/20230923_112016.jpg'),(157,'212001074','Ahmed Ibrahim','     ','3','22-26','1','212001074_Ahmed Ibrahim','2023-10-18 10:27:20.216035','/media/y3.personal/212001074_Ahmed Ibrahim/20231009_090848.jpg'),(158,'212001084','Assem Mohamed','   ','3','22-26','3','212001084_Assem Mohamed','2023-10-18 10:27:20.237695','/media/y3.personal/212001084_Assem Mohamed/20230923_115252.jpg'),(159,'212001107','Islam Alaa Eldin','   ','3','22-26','11','212001107_Islam Alaa Eldin','2023-10-18 10:27:20.279021','/media/y3.personal/212001107_Islam Alaa Eldin/20230923_094318.jpg'),(160,'212001112','Maryam Hammam','    ','3','22-26','6','212001112_Maryam Hammam','2023-10-18 10:27:20.311108','/media/y3.personal/212001112_Maryam Hammam/20230923_102234.jpg'),(161,'212001131','Ahmed El ashry','   ','3','22-26','8','212001131_Ahmed El ashry','2023-10-18 10:27:20.321245','/media/y3.personal/212001131_Ahmed El ashry/20231001_115419.jpg'),(162,'212001215','Sara Alaa','    ','3','22-26','9','212001215_Sara Alaa','2023-10-18 10:27:20.337929','/media/y3.personal/212001215_Sara Alaa/20230923_092831.jpg'),(163,'212001217','Ibrahim Elmahdy','   ','3','22-26','10','212001217_Ibrahim Elmahdy','2023-10-18 10:27:20.352968','/media/y3.personal/212001217_Ibrahim Elmahdy/20230923_090613.jpg'),(164,'212001270','Lina Sameh','   ','3','22-26','13','212001270_Lina Sameh','2023-10-18 10:27:20.368631','/media/y3.personal/212001270_Lina Sameh/20230923_100816.jpg'),(165,'212001278','Hamza Tawfik','   ','3','22-26','12','212001278_Hamza Tawfik','2023-10-18 10:27:20.384257','/media/y3.personal/212001278_Hamza Tawfik/20230923_094543.jpg'),(166,'212001377','Mohamed Hatem','  ','3','22-26','15','212001377_Mohamed Hatem','2023-10-18 10:27:20.447206','/media/y3.personal/212001377_Mohamed Hatem/img_4409.jpg'),(167,'212001409','Enjy Emad','   ','3','22-26','2','212001409_Enjy Emad','2023-10-18 10:27:20.462868','/media/y3.personal/212001409_Enjy Emad/img_4379.jpg'),(168,'221003615','Abdallah ElShalkany','    ','3','22-26','16','221003615_Abdallah ElShalkany','2023-10-18 10:27:20.509744','/media/y3.personal/221003615_Abdallah ElShalkany/whatsapp image 2023-09-30 at 9.45.49 am.jpg'),(169,'231001961','Amr Hablas','    ','3','22-26','16','231001961_Amr Hablas','2023-10-18 10:27:20.525371','/media/y3.personal/231001961_Amr Hablas/20230923_110107.jpg');
/*!40000 ALTER TABLE `medapp_person` ENABLE KEYS */;
UNLOCK TABLES;

--
-- Table structure for table `medapp_room`
--

DROP TABLE IF EXISTS `medapp_room`;
/*!40101 SET @saved_cs_client     = @@character_set_client */;
/*!50503 SET character_set_client = utf8mb4 */;
CREATE TABLE `medapp_room` (
  `id` int NOT NULL AUTO_INCREMENT,
  `room_code` varchar(15) NOT NULL,
  `room_section` varchar(50) DEFAULT NULL,
  `notes` varchar(250) DEFAULT NULL,
  `type` varchar(50) DEFAULT NULL,
  `floor` varchar(50) DEFAULT NULL,
  `building` varchar(50) DEFAULT NULL,
  `modifytime` datetime(6) NOT NULL,
  PRIMARY KEY (`id`)
) ENGINE=InnoDB AUTO_INCREMENT=55 DEFAULT CHARSET=utf8mb4 COLLATE=utf8mb4_0900_ai_ci;
/*!40101 SET character_set_client = @saved_cs_client */;

--
-- Dumping data for table `medapp_room`
--

LOCK TABLES `medapp_room` WRITE;
/*!40000 ALTER TABLE `medapp_room` DISABLE KEYS */;
INSERT INTO `medapp_room` VALUES (1,'005','','','Amphitheatre','0','B2','2023-11-14 09:07:18.283105'),(2,'004','','','X-Reality','0','B2','2023-11-14 09:07:18.296057'),(3,'006','','','X-Reality','0','B2','2023-11-14 09:07:18.296057'),(4,'001','','','Lecture Room','0','B2','2023-11-14 09:07:18.296057'),(5,'102','','','Lecture Room','1','B2','2023-11-14 09:07:18.296057'),(6,'103','','','Lecture Room','1','B2','2023-11-14 09:07:18.309994'),(7,'104','','','Think Tank','1','B2','2023-11-14 09:07:18.312047'),(8,'105','','','Lecture Room','1','B2','2023-11-14 09:07:18.314047'),(9,'106','','','Lecture Room','1','B2','2023-11-14 09:07:18.314047'),(10,'107','','','Lecture Room','1','B2','2023-11-14 09:07:18.324921'),(11,'201','','','Lecture Room','2','B2','2023-11-14 09:07:18.328889'),(12,'203','','','Lecture Room','2','B2','2023-11-14 09:07:18.328889'),(13,'204','','','Skill Lab','2','B2','2023-11-14 09:07:18.335051'),(14,'205','','','Think Tank','2','B2','2023-11-14 09:07:18.338821'),(15,'206','','','Skill Lab','2','B2','2023-11-14 09:07:18.340088'),(16,'207','','','Lecture Room','2','B2','2023-11-14 09:07:18.345659'),(17,'301','','','Operating Theatre','3','B2','2023-11-14 09:07:18.349536'),(18,'302','','','Lecture Room','3','B2','2023-11-14 09:07:18.351891'),(19,'303','','','Virtual Hospital','3','B2','2023-11-14 09:07:18.356211'),(20,'304','','','Virtual Hospital','3','B2','2023-11-14 09:07:18.360534'),(21,'305','','','Lecture Room','3','B2','2023-11-14 09:07:18.360534'),(22,'124','','','Lecture Room','1','B4','2023-11-14 09:07:18.364614'),(23,'125','','','Lecture Room','1','B4','2023-11-14 09:07:18.367999'),(24,'102','','','Lecture Room','1','B4','2023-11-14 09:07:18.371979'),(25,'302','','','Lecture Room','3','B4','2023-11-14 09:07:18.376644'),(26,'402','','','Lecture Room','4','B4','2023-11-14 09:07:18.376644'),(27,'430','','','Lecture Room','4','B4','2023-11-14 09:07:18.376644');
/*!40000 ALTER TABLE `medapp_room` ENABLE KEYS */;
UNLOCK TABLES;

--
-- Table structure for table `medapp_taskstatus`
--

DROP TABLE IF EXISTS `medapp_taskstatus`;
/*!40101 SET @saved_cs_client     = @@character_set_client */;
/*!50503 SET character_set_client = utf8mb4 */;
CREATE TABLE `medapp_taskstatus` (
  `id` bigint NOT NULL AUTO_INCREMENT,
  `msg` varchar(255) NOT NULL,
  `status` varchar(255) NOT NULL,
  `progress` int NOT NULL,
  `TimeTaken` int NOT NULL,
  `last_updated` datetime(6) NOT NULL,
  `medsession_id` int NOT NULL,
  `read` tinyint(1) NOT NULL,
  PRIMARY KEY (`id`),
  KEY `medapp_taskstatus_medsession_id_e8edcdda_fk_medapp_me` (`medsession_id`),
  CONSTRAINT `medapp_taskstatus_medsession_id_e8edcdda_fk_medapp_me` FOREIGN KEY (`medsession_id`) REFERENCES `medapp_medsession` (`sessionid`)
) ENGINE=InnoDB AUTO_INCREMENT=130 DEFAULT CHARSET=utf8mb4 COLLATE=utf8mb4_0900_ai_ci;
/*!40101 SET character_set_client = @saved_cs_client */;

--
-- Dumping data for table `medapp_taskstatus`
--

LOCK TABLES `medapp_taskstatus` WRITE;
/*!40000 ALTER TABLE `medapp_taskstatus` DISABLE KEYS */;
/*!40000 ALTER TABLE `medapp_taskstatus` ENABLE KEYS */;
UNLOCK TABLES;
/*!40103 SET TIME_ZONE=@OLD_TIME_ZONE */;

/*!40101 SET SQL_MODE=@OLD_SQL_MODE */;
/*!40014 SET FOREIGN_KEY_CHECKS=@OLD_FOREIGN_KEY_CHECKS */;
/*!40014 SET UNIQUE_CHECKS=@OLD_UNIQUE_CHECKS */;
/*!40101 SET CHARACTER_SET_CLIENT=@OLD_CHARACTER_SET_CLIENT */;
/*!40101 SET CHARACTER_SET_RESULTS=@OLD_CHARACTER_SET_RESULTS */;
/*!40101 SET COLLATION_CONNECTION=@OLD_COLLATION_CONNECTION */;
/*!40111 SET SQL_NOTES=@OLD_SQL_NOTES */;

-- Dump completed on 2023-12-01 13:28:38
